association_id,pvalue,pvalue_description,pvalue_mantissa,pvalue_exponent,multiple_snp_haplotype,snp_interaction,snp_type,standard_error,range,or_per_copy_number,beta_number,beta_unit,beta_direction,beta_description,last_mapping_date,last_update_date,locus_id,variant_id,risk_allele,risk_frequency,genome_wide,limited_list,efo_id,study_id,reported_trait,initial_sample_size,replication_sample_size,gxe,gxg,snp_count,qualifier,imputed,pooled,study_design_comment,full_pvalue_set,user_requested,genotyping_technology,manufacturer,ancestry_id,type,number_of_individuals,ancestral_group,country_name,major_area,region,pubmed_id,publication_date,publication,title,author_fullname,author_orcid,trait,uri
6174,6e-17,NA,6,-17,FALSE,FALSE,novel,NA,[1.25-1.57],1.4,NA,NA,NA,NA,2021-03-16T15:03:07Z,2021-03-16T15:03:07Z,1,rs1408799,C,NA,NA,NA,EFO_0003949,GCST000192,Blue vs. green eyes,"5,130 Icelandic individuals","3,330 European ancestry individuals",FALSE,FALSE,316515,NA,FALSE,FALSE,NA,FALSE,FALSE,Genome-wide genotyping array,Illumina,1,replication,3330,European,NA,NA,NA,18488028,2008-05-18,Nat Genet,Two newly identified genetic determinants of pigmentation in Europeans.,Sulem P,NA,eye color,http://www.ebi.ac.uk/efo/EFO_0003949
6174,6e-17,NA,6,-17,FALSE,FALSE,novel,NA,[1.25-1.57],1.4,NA,NA,NA,NA,2021-03-16T15:03:07Z,2021-03-16T15:03:07Z,1,rs1408799,C,NA,NA,NA,EFO_0003949,GCST000192,Blue vs. green eyes,"5,130 Icelandic individuals","3,330 European ancestry individuals",FALSE,FALSE,316515,NA,FALSE,FALSE,NA,FALSE,FALSE,Genome-wide genotyping array,Illumina,2,initial,5130,European,NA,NA,NA,18488028,2008-05-18,Nat Genet,Two newly identified genetic determinants of pigmentation in Europeans.,Sulem P,NA,eye color,http://www.ebi.ac.uk/efo/EFO_0003949
15336,9e-14,(CHS1),9,-14,FALSE,FALSE,novel,NA,NA,NA,0.12,%,increase,NA,2021-03-16T22:45:12Z,2021-03-16T22:45:12Z,1,rs9894429,T,NA,NA,NA,EFO_0003949,GCST000685,Eye color traits,"5,951 European ancestry individuals","3,543 European ancestry individuals",FALSE,FALSE,2543887,NA,TRUE,FALSE,NA,FALSE,FALSE,Genome-wide genotyping array,Illumina,1,initial,5951,European,NA,NA,NA,20463881,2010-05-16,PLoS Genet,Digital quantification of human eye color highlights genetic association of three new loci.,Liu F,0000-0001-9241-8161,eye color,http://www.ebi.ac.uk/efo/EFO_0003949
15336,9e-14,(CHS1),9,-14,FALSE,FALSE,novel,NA,NA,NA,0.12,%,increase,NA,2021-03-16T22:45:12Z,2021-03-16T22:45:12Z,1,rs9894429,T,NA,NA,NA,EFO_0003949,GCST000685,Eye color traits,"5,951 European ancestry individuals","3,543 European ancestry individuals",FALSE,FALSE,2543887,NA,TRUE,FALSE,NA,FALSE,FALSE,Genome-wide genotyping array,Illumina,2,replication,3543,European,NA,NA,NA,20463881,2010-05-16,PLoS Genet,Digital quantification of human eye color highlights genetic association of three new loci.,Liu F,0000-0001-9241-8161,eye color,http://www.ebi.ac.uk/efo/EFO_0003949
15337,2e-10,(CHS1),2,-10,FALSE,FALSE,novel,NA,NA,NA,0.1,%,decrease,NA,2021-03-16T16:25:30Z,2021-03-16T16:25:30Z,1,rs1003719,A,NA,NA,NA,EFO_0003949,GCST000685,Eye color traits,"5,951 European ancestry individuals","3,543 European ancestry individuals",FALSE,FALSE,2543887,NA,TRUE,FALSE,NA,FALSE,FALSE,Genome-wide genotyping array,Illumina,1,initial,5951,European,NA,NA,NA,20463881,2010-05-16,PLoS Genet,Digital quantification of human eye color highlights genetic association of three new loci.,Liu F,0000-0001-9241-8161,eye color,http://www.ebi.ac.uk/efo/EFO_0003949
15337,2e-10,(CHS1),2,-10,FALSE,FALSE,novel,NA,NA,NA,0.1,%,decrease,NA,2021-03-16T16:25:30Z,2021-03-16T16:25:30Z,1,rs1003719,A,NA,NA,NA,EFO_0003949,GCST000685,Eye color traits,"5,951 European ancestry individuals","3,543 European ancestry individuals",FALSE,FALSE,2543887,NA,TRUE,FALSE,NA,FALSE,FALSE,Genome-wide genotyping array,Illumina,2,replication,3543,European,NA,NA,NA,20463881,2010-05-16,PLoS Genet,Digital quantification of human eye color highlights genetic association of three new loci.,Liu F,0000-0001-9241-8161,eye color,http://www.ebi.ac.uk/efo/EFO_0003949
15409,1e-300,(RS123 cohort),1,-300,FALSE,FALSE,known,NA,NA,NA,NA,NA,NA,NA,2021-03-16T23:55:30Z,2021-03-16T23:55:30Z,1,rs12913832,NA,NA,NA,NA,EFO_0003949,GCST000685,Eye color traits,"5,951 European ancestry individuals","3,543 European ancestry individuals",FALSE,FALSE,2543887,NA,TRUE,FALSE,NA,FALSE,FALSE,Genome-wide genotyping array,Illumina,1,initial,5951,European,NA,NA,NA,20463881,2010-05-16,PLoS Genet,Digital quantification of human eye color highlights genetic association of three new loci.,Liu F,0000-0001-9241-8161,eye color,http://www.ebi.ac.uk/efo/EFO_0003949
15409,1e-300,(RS123 cohort),1,-300,FALSE,FALSE,known,NA,NA,NA,NA,NA,NA,NA,2021-03-16T23:55:30Z,2021-03-16T23:55:30Z,1,rs12913832,NA,NA,NA,NA,EFO_0003949,GCST000685,Eye color traits,"5,951 European ancestry individuals","3,543 European ancestry individuals",FALSE,FALSE,2543887,NA,TRUE,FALSE,NA,FALSE,FALSE,Genome-wide genotyping array,Illumina,2,replication,3543,European,NA,NA,NA,20463881,2010-05-16,PLoS Genet,Digital quantification of human eye color highlights genetic association of three new loci.,Liu F,0000-0001-9241-8161,eye color,http://www.ebi.ac.uk/efo/EFO_0003949
5903,1e-43,NA,1,-43,FALSE,FALSE,novel,NA,NA,NA,NA,NA,NA,NA,2021-03-16T14:02:51Z,2021-03-16T14:02:51Z,1,rs916977,NA,NA,NA,NA,EFO_0003949,GCST000146,Iris color,"925 Erasmus Rucphen individuals, 481 European ancestry females","5,575 European ancestry individuals, 1,292 Erasmus Rucphen individuals",FALSE,FALSE,500000,up to,FALSE,TRUE,NA,FALSE,FALSE,Genome-wide genotyping array,Affymetrix,1,initial,1406,European,NA,NA,NA,18252221,2008-01-24,Am J Hum Genet,Three genome-wide association studies and a linkage analysis identify HERC2 as a human iris color gene.,Kayser M,NA,eye color,http://www.ebi.ac.uk/efo/EFO_0003949
5903,1e-43,NA,1,-43,FALSE,FALSE,novel,NA,NA,NA,NA,NA,NA,NA,2021-03-16T14:02:51Z,2021-03-16T14:02:51Z,1,rs916977,NA,NA,NA,NA,EFO_0003949,GCST000146,Iris color,"925 Erasmus Rucphen individuals, 481 European ancestry females","5,575 European ancestry individuals, 1,292 Erasmus Rucphen individuals",FALSE,FALSE,500000,up to,FALSE,TRUE,NA,FALSE,FALSE,Genome-wide genotyping array,Affymetrix,2,replication,6867,European,NA,NA,NA,18252221,2008-01-24,Am J Hum Genet,Three genome-wide association studies and a linkage analysis identify HERC2 as a human iris color gene.,Kayser M,NA,eye color,http://www.ebi.ac.uk/efo/EFO_0003949
5903,1e-43,NA,1,-43,FALSE,FALSE,novel,NA,NA,NA,NA,NA,NA,NA,2021-03-16T14:02:51Z,2021-03-16T14:02:51Z,1,rs916977,NA,NA,NA,NA,EFO_0003949,GCST000146,Iris color,"925 Erasmus Rucphen individuals, 481 European ancestry females","5,575 European ancestry individuals, 1,292 Erasmus Rucphen individuals",FALSE,FALSE,500000,up to,FALSE,TRUE,NA,FALSE,FALSE,Genome-wide genotyping array,Illumina,1,initial,1406,European,NA,NA,NA,18252221,2008-01-24,Am J Hum Genet,Three genome-wide association studies and a linkage analysis identify HERC2 as a human iris color gene.,Kayser M,NA,eye color,http://www.ebi.ac.uk/efo/EFO_0003949
5903,1e-43,NA,1,-43,FALSE,FALSE,novel,NA,NA,NA,NA,NA,NA,NA,2021-03-16T14:02:51Z,2021-03-16T14:02:51Z,1,rs916977,NA,NA,NA,NA,EFO_0003949,GCST000146,Iris color,"925 Erasmus Rucphen individuals, 481 European ancestry females","5,575 European ancestry individuals, 1,292 Erasmus Rucphen individuals",FALSE,FALSE,500000,up to,FALSE,TRUE,NA,FALSE,FALSE,Genome-wide genotyping array,Illumina,2,replication,6867,European,NA,NA,NA,18252221,2008-01-24,Am J Hum Genet,Three genome-wide association studies and a linkage analysis identify HERC2 as a human iris color gene.,Kayser M,NA,eye color,http://www.ebi.ac.uk/efo/EFO_0003949
25422,2e-20,(Eye color),2,-20,FALSE,FALSE,known,0.036,[0.28-0.42],NA,0.353,unit,increase,NA,2021-03-16T17:02:46Z,2021-03-16T17:02:46Z,1,rs1667394,C,NA,NA,NA,EFO_0003949,GCST001723,Eye color,175 European ancestry individuals,293 European ancestry individuals,FALSE,FALSE,313763,NA,FALSE,FALSE,NA,FALSE,FALSE,Genome-wide genotyping array,Illumina,1,replication,293,European,Poland,Europe,Eastern Europe,23118974,2012-10-31,PLoS One,"Genome-wide association studies of quantitatively measured skin, hair, and eye pigmentation in four European populations.",Candille SI,NA,eye color,http://www.ebi.ac.uk/efo/EFO_0003949
25422,2e-20,(Eye color),2,-20,FALSE,FALSE,known,0.036,[0.28-0.42],NA,0.353,unit,increase,NA,2021-03-16T17:02:46Z,2021-03-16T17:02:46Z,1,rs1667394,C,NA,NA,NA,EFO_0003949,GCST001723,Eye color,175 European ancestry individuals,293 European ancestry individuals,FALSE,FALSE,313763,NA,FALSE,FALSE,NA,FALSE,FALSE,Genome-wide genotyping array,Illumina,1,replication,293,European,Italy,Europe,Southern Europe,23118974,2012-10-31,PLoS One,"Genome-wide association studies of quantitatively measured skin, hair, and eye pigmentation in four European populations.",Candille SI,NA,eye color,http://www.ebi.ac.uk/efo/EFO_0003949
25422,2e-20,(Eye color),2,-20,FALSE,FALSE,known,0.036,[0.28-0.42],NA,0.353,unit,increase,NA,2021-03-16T17:02:46Z,2021-03-16T17:02:46Z,1,rs1667394,C,NA,NA,NA,EFO_0003949,GCST001723,Eye color,175 European ancestry individuals,293 European ancestry individuals,FALSE,FALSE,313763,NA,FALSE,FALSE,NA,FALSE,FALSE,Genome-wide genotyping array,Illumina,1,replication,293,European,Portugal,Europe,Southern Europe,23118974,2012-10-31,PLoS One,"Genome-wide association studies of quantitatively measured skin, hair, and eye pigmentation in four European populations.",Candille SI,NA,eye color,http://www.ebi.ac.uk/efo/EFO_0003949
25422,2e-20,(Eye color),2,-20,FALSE,FALSE,known,0.036,[0.28-0.42],NA,0.353,unit,increase,NA,2021-03-16T17:02:46Z,2021-03-16T17:02:46Z,1,rs1667394,C,NA,NA,NA,EFO_0003949,GCST001723,Eye color,175 European ancestry individuals,293 European ancestry individuals,FALSE,FALSE,313763,NA,FALSE,FALSE,NA,FALSE,FALSE,Genome-wide genotyping array,Illumina,1,replication,293,European,Republic of Ireland,Europe,Northern Europe,23118974,2012-10-31,PLoS One,"Genome-wide association studies of quantitatively measured skin, hair, and eye pigmentation in four European populations.",Candille SI,NA,eye color,http://www.ebi.ac.uk/efo/EFO_0003949
25422,2e-20,(Eye color),2,-20,FALSE,FALSE,known,0.036,[0.28-0.42],NA,0.353,unit,increase,NA,2021-03-16T17:02:46Z,2021-03-16T17:02:46Z,1,rs1667394,C,NA,NA,NA,EFO_0003949,GCST001723,Eye color,175 European ancestry individuals,293 European ancestry individuals,FALSE,FALSE,313763,NA,FALSE,FALSE,NA,FALSE,FALSE,Genome-wide genotyping array,Illumina,2,initial,175,European,Poland,Europe,Eastern Europe,23118974,2012-10-31,PLoS One,"Genome-wide association studies of quantitatively measured skin, hair, and eye pigmentation in four European populations.",Candille SI,NA,eye color,http://www.ebi.ac.uk/efo/EFO_0003949
25422,2e-20,(Eye color),2,-20,FALSE,FALSE,known,0.036,[0.28-0.42],NA,0.353,unit,increase,NA,2021-03-16T17:02:46Z,2021-03-16T17:02:46Z,1,rs1667394,C,NA,NA,NA,EFO_0003949,GCST001723,Eye color,175 European ancestry individuals,293 European ancestry individuals,FALSE,FALSE,313763,NA,FALSE,FALSE,NA,FALSE,FALSE,Genome-wide genotyping array,Illumina,2,initial,175,European,Italy,Europe,Southern Europe,23118974,2012-10-31,PLoS One,"Genome-wide association studies of quantitatively measured skin, hair, and eye pigmentation in four European populations.",Candille SI,NA,eye color,http://www.ebi.ac.uk/efo/EFO_0003949
25422,2e-20,(Eye color),2,-20,FALSE,FALSE,known,0.036,[0.28-0.42],NA,0.353,unit,increase,NA,2021-03-16T17:02:46Z,2021-03-16T17:02:46Z,1,rs1667394,C,NA,NA,NA,EFO_0003949,GCST001723,Eye color,175 European ancestry individuals,293 European ancestry individuals,FALSE,FALSE,313763,NA,FALSE,FALSE,NA,FALSE,FALSE,Genome-wide genotyping array,Illumina,2,initial,175,European,Portugal,Europe,Southern Europe,23118974,2012-10-31,PLoS One,"Genome-wide association studies of quantitatively measured skin, hair, and eye pigmentation in four European populations.",Candille SI,NA,eye color,http://www.ebi.ac.uk/efo/EFO_0003949
25422,2e-20,(Eye color),2,-20,FALSE,FALSE,known,0.036,[0.28-0.42],NA,0.353,unit,increase,NA,2021-03-16T17:02:46Z,2021-03-16T17:02:46Z,1,rs1667394,C,NA,NA,NA,EFO_0003949,GCST001723,Eye color,175 European ancestry individuals,293 European ancestry individuals,FALSE,FALSE,313763,NA,FALSE,FALSE,NA,FALSE,FALSE,Genome-wide genotyping array,Illumina,2,initial,175,European,Republic of Ireland,Europe,Northern Europe,23118974,2012-10-31,PLoS One,"Genome-wide association studies of quantitatively measured skin, hair, and eye pigmentation in four European populations.",Candille SI,NA,eye color,http://www.ebi.ac.uk/efo/EFO_0003949
25423,1e-6,(Eye color),1,-6,FALSE,FALSE,novel,0.042,[0.12-0.29],NA,0.206,unit,increase,NA,2021-03-16T17:02:48Z,2021-03-16T17:02:48Z,1,rs288139,A,NA,NA,NA,EFO_0003949,GCST001723,Eye color,175 European ancestry individuals,293 European ancestry individuals,FALSE,FALSE,313763,NA,FALSE,FALSE,NA,FALSE,FALSE,Genome-wide genotyping array,Illumina,1,replication,293,European,Poland,Europe,Eastern Europe,23118974,2012-10-31,PLoS One,"Genome-wide association studies of quantitatively measured skin, hair, and eye pigmentation in four European populations.",Candille SI,NA,eye color,http://www.ebi.ac.uk/efo/EFO_0003949
25423,1e-6,(Eye color),1,-6,FALSE,FALSE,novel,0.042,[0.12-0.29],NA,0.206,unit,increase,NA,2021-03-16T17:02:48Z,2021-03-16T17:02:48Z,1,rs288139,A,NA,NA,NA,EFO_0003949,GCST001723,Eye color,175 European ancestry individuals,293 European ancestry individuals,FALSE,FALSE,313763,NA,FALSE,FALSE,NA,FALSE,FALSE,Genome-wide genotyping array,Illumina,1,replication,293,European,Italy,Europe,Southern Europe,23118974,2012-10-31,PLoS One,"Genome-wide association studies of quantitatively measured skin, hair, and eye pigmentation in four European populations.",Candille SI,NA,eye color,http://www.ebi.ac.uk/efo/EFO_0003949
25423,1e-6,(Eye color),1,-6,FALSE,FALSE,novel,0.042,[0.12-0.29],NA,0.206,unit,increase,NA,2021-03-16T17:02:48Z,2021-03-16T17:02:48Z,1,rs288139,A,NA,NA,NA,EFO_0003949,GCST001723,Eye color,175 European ancestry individuals,293 European ancestry individuals,FALSE,FALSE,313763,NA,FALSE,FALSE,NA,FALSE,FALSE,Genome-wide genotyping array,Illumina,1,replication,293,European,Portugal,Europe,Southern Europe,23118974,2012-10-31,PLoS One,"Genome-wide association studies of quantitatively measured skin, hair, and eye pigmentation in four European populations.",Candille SI,NA,eye color,http://www.ebi.ac.uk/efo/EFO_0003949
25423,1e-6,(Eye color),1,-6,FALSE,FALSE,novel,0.042,[0.12-0.29],NA,0.206,unit,increase,NA,2021-03-16T17:02:48Z,2021-03-16T17:02:48Z,1,rs288139,A,NA,NA,NA,EFO_0003949,GCST001723,Eye color,175 European ancestry individuals,293 European ancestry individuals,FALSE,FALSE,313763,NA,FALSE,FALSE,NA,FALSE,FALSE,Genome-wide genotyping array,Illumina,1,replication,293,European,Republic of Ireland,Europe,Northern Europe,23118974,2012-10-31,PLoS One,"Genome-wide association studies of quantitatively measured skin, hair, and eye pigmentation in four European populations.",Candille SI,NA,eye color,http://www.ebi.ac.uk/efo/EFO_0003949
25423,1e-6,(Eye color),1,-6,FALSE,FALSE,novel,0.042,[0.12-0.29],NA,0.206,unit,increase,NA,2021-03-16T17:02:48Z,2021-03-16T17:02:48Z,1,rs288139,A,NA,NA,NA,EFO_0003949,GCST001723,Eye color,175 European ancestry individuals,293 European ancestry individuals,FALSE,FALSE,313763,NA,FALSE,FALSE,NA,FALSE,FALSE,Genome-wide genotyping array,Illumina,2,initial,175,European,Poland,Europe,Eastern Europe,23118974,2012-10-31,PLoS One,"Genome-wide association studies of quantitatively measured skin, hair, and eye pigmentation in four European populations.",Candille SI,NA,eye color,http://www.ebi.ac.uk/efo/EFO_0003949
25423,1e-6,(Eye color),1,-6,FALSE,FALSE,novel,0.042,[0.12-0.29],NA,0.206,unit,increase,NA,2021-03-16T17:02:48Z,2021-03-16T17:02:48Z,1,rs288139,A,NA,NA,NA,EFO_0003949,GCST001723,Eye color,175 European ancestry individuals,293 European ancestry individuals,FALSE,FALSE,313763,NA,FALSE,FALSE,NA,FALSE,FALSE,Genome-wide genotyping array,Illumina,2,initial,175,European,Italy,Europe,Southern Europe,23118974,2012-10-31,PLoS One,"Genome-wide association studies of quantitatively measured skin, hair, and eye pigmentation in four European populations.",Candille SI,NA,eye color,http://www.ebi.ac.uk/efo/EFO_0003949
25423,1e-6,(Eye color),1,-6,FALSE,FALSE,novel,0.042,[0.12-0.29],NA,0.206,unit,increase,NA,2021-03-16T17:02:48Z,2021-03-16T17:02:48Z,1,rs288139,A,NA,NA,NA,EFO_0003949,GCST001723,Eye color,175 European ancestry individuals,293 European ancestry individuals,FALSE,FALSE,313763,NA,FALSE,FALSE,NA,FALSE,FALSE,Genome-wide genotyping array,Illumina,2,initial,175,European,Portugal,Europe,Southern Europe,23118974,2012-10-31,PLoS One,"Genome-wide association studies of quantitatively measured skin, hair, and eye pigmentation in four European populations.",Candille SI,NA,eye color,http://www.ebi.ac.uk/efo/EFO_0003949
25423,1e-6,(Eye color),1,-6,FALSE,FALSE,novel,0.042,[0.12-0.29],NA,0.206,unit,increase,NA,2021-03-16T17:02:48Z,2021-03-16T17:02:48Z,1,rs288139,A,NA,NA,NA,EFO_0003949,GCST001723,Eye color,175 European ancestry individuals,293 European ancestry individuals,FALSE,FALSE,313763,NA,FALSE,FALSE,NA,FALSE,FALSE,Genome-wide genotyping array,Illumina,2,initial,175,European,Republic of Ireland,Europe,Northern Europe,23118974,2012-10-31,PLoS One,"Genome-wide association studies of quantitatively measured skin, hair, and eye pigmentation in four European populations.",Candille SI,NA,eye color,http://www.ebi.ac.uk/efo/EFO_0003949
25424,3e-6,(Eye color),3,-6,FALSE,FALSE,novel,0.035,[0.098-0.236],NA,0.167,unit,increase,NA,2021-03-16T17:02:49Z,2021-03-16T17:02:49Z,1,rs4596632,C,NA,NA,NA,EFO_0003949,GCST001723,Eye color,175 European ancestry individuals,293 European ancestry individuals,FALSE,FALSE,313763,NA,FALSE,FALSE,NA,FALSE,FALSE,Genome-wide genotyping array,Illumina,1,replication,293,European,Poland,Europe,Eastern Europe,23118974,2012-10-31,PLoS One,"Genome-wide association studies of quantitatively measured skin, hair, and eye pigmentation in four European populations.",Candille SI,NA,eye color,http://www.ebi.ac.uk/efo/EFO_0003949
25424,3e-6,(Eye color),3,-6,FALSE,FALSE,novel,0.035,[0.098-0.236],NA,0.167,unit,increase,NA,2021-03-16T17:02:49Z,2021-03-16T17:02:49Z,1,rs4596632,C,NA,NA,NA,EFO_0003949,GCST001723,Eye color,175 European ancestry individuals,293 European ancestry individuals,FALSE,FALSE,313763,NA,FALSE,FALSE,NA,FALSE,FALSE,Genome-wide genotyping array,Illumina,1,replication,293,European,Italy,Europe,Southern Europe,23118974,2012-10-31,PLoS One,"Genome-wide association studies of quantitatively measured skin, hair, and eye pigmentation in four European populations.",Candille SI,NA,eye color,http://www.ebi.ac.uk/efo/EFO_0003949
25424,3e-6,(Eye color),3,-6,FALSE,FALSE,novel,0.035,[0.098-0.236],NA,0.167,unit,increase,NA,2021-03-16T17:02:49Z,2021-03-16T17:02:49Z,1,rs4596632,C,NA,NA,NA,EFO_0003949,GCST001723,Eye color,175 European ancestry individuals,293 European ancestry individuals,FALSE,FALSE,313763,NA,FALSE,FALSE,NA,FALSE,FALSE,Genome-wide genotyping array,Illumina,1,replication,293,European,Portugal,Europe,Southern Europe,23118974,2012-10-31,PLoS One,"Genome-wide association studies of quantitatively measured skin, hair, and eye pigmentation in four European populations.",Candille SI,NA,eye color,http://www.ebi.ac.uk/efo/EFO_0003949
25424,3e-6,(Eye color),3,-6,FALSE,FALSE,novel,0.035,[0.098-0.236],NA,0.167,unit,increase,NA,2021-03-16T17:02:49Z,2021-03-16T17:02:49Z,1,rs4596632,C,NA,NA,NA,EFO_0003949,GCST001723,Eye color,175 European ancestry individuals,293 European ancestry individuals,FALSE,FALSE,313763,NA,FALSE,FALSE,NA,FALSE,FALSE,Genome-wide genotyping array,Illumina,1,replication,293,European,Republic of Ireland,Europe,Northern Europe,23118974,2012-10-31,PLoS One,"Genome-wide association studies of quantitatively measured skin, hair, and eye pigmentation in four European populations.",Candille SI,NA,eye color,http://www.ebi.ac.uk/efo/EFO_0003949
25424,3e-6,(Eye color),3,-6,FALSE,FALSE,novel,0.035,[0.098-0.236],NA,0.167,unit,increase,NA,2021-03-16T17:02:49Z,2021-03-16T17:02:49Z,1,rs4596632,C,NA,NA,NA,EFO_0003949,GCST001723,Eye color,175 European ancestry individuals,293 European ancestry individuals,FALSE,FALSE,313763,NA,FALSE,FALSE,NA,FALSE,FALSE,Genome-wide genotyping array,Illumina,2,initial,175,European,Poland,Europe,Eastern Europe,23118974,2012-10-31,PLoS One,"Genome-wide association studies of quantitatively measured skin, hair, and eye pigmentation in four European populations.",Candille SI,NA,eye color,http://www.ebi.ac.uk/efo/EFO_0003949
25424,3e-6,(Eye color),3,-6,FALSE,FALSE,novel,0.035,[0.098-0.236],NA,0.167,unit,increase,NA,2021-03-16T17:02:49Z,2021-03-16T17:02:49Z,1,rs4596632,C,NA,NA,NA,EFO_0003949,GCST001723,Eye color,175 European ancestry individuals,293 European ancestry individuals,FALSE,FALSE,313763,NA,FALSE,FALSE,NA,FALSE,FALSE,Genome-wide genotyping array,Illumina,2,initial,175,European,Italy,Europe,Southern Europe,23118974,2012-10-31,PLoS One,"Genome-wide association studies of quantitatively measured skin, hair, and eye pigmentation in four European populations.",Candille SI,NA,eye color,http://www.ebi.ac.uk/efo/EFO_0003949
25424,3e-6,(Eye color),3,-6,FALSE,FALSE,novel,0.035,[0.098-0.236],NA,0.167,unit,increase,NA,2021-03-16T17:02:49Z,2021-03-16T17:02:49Z,1,rs4596632,C,NA,NA,NA,EFO_0003949,GCST001723,Eye color,175 European ancestry individuals,293 European ancestry individuals,FALSE,FALSE,313763,NA,FALSE,FALSE,NA,FALSE,FALSE,Genome-wide genotyping array,Illumina,2,initial,175,European,Portugal,Europe,Southern Europe,23118974,2012-10-31,PLoS One,"Genome-wide association studies of quantitatively measured skin, hair, and eye pigmentation in four European populations.",Candille SI,NA,eye color,http://www.ebi.ac.uk/efo/EFO_0003949
25424,3e-6,(Eye color),3,-6,FALSE,FALSE,novel,0.035,[0.098-0.236],NA,0.167,unit,increase,NA,2021-03-16T17:02:49Z,2021-03-16T17:02:49Z,1,rs4596632,C,NA,NA,NA,EFO_0003949,GCST001723,Eye color,175 European ancestry individuals,293 European ancestry individuals,FALSE,FALSE,313763,NA,FALSE,FALSE,NA,FALSE,FALSE,Genome-wide genotyping array,Illumina,2,initial,175,European,Republic of Ireland,Europe,Northern Europe,23118974,2012-10-31,PLoS One,"Genome-wide association studies of quantitatively measured skin, hair, and eye pigmentation in four European populations.",Candille SI,NA,eye color,http://www.ebi.ac.uk/efo/EFO_0003949
34067,5e-7,(Blue eye color),5,-7,FALSE,FALSE,known,0.05,[0.17-0.37],NA,0.27,unit,decrease,NA,2021-03-16T19:33:03Z,2021-03-16T19:33:03Z,1,rs1408799,C,NA,NA,NA,EFO_0003949,GCST001929,Eye color,3871 European ancestry individuals,"2,496 European ancestry individuals",FALSE,FALSE,2469762,NA,TRUE,FALSE,NA,FALSE,FALSE,Genome-wide genotyping array,Affymetrix,1,initial,3871,European,NA,NA,NA,23548203,2013-04-01,Hum Mol Genet,Genome-wide association studies identify several new loci associated with pigmentation traits and skin cancer risk in European Americans.,Zhang M,NA,eye color,http://www.ebi.ac.uk/efo/EFO_0003949
34067,5e-7,(Blue eye color),5,-7,FALSE,FALSE,known,0.05,[0.17-0.37],NA,0.27,unit,decrease,NA,2021-03-16T19:33:03Z,2021-03-16T19:33:03Z,1,rs1408799,C,NA,NA,NA,EFO_0003949,GCST001929,Eye color,3871 European ancestry individuals,"2,496 European ancestry individuals",FALSE,FALSE,2469762,NA,TRUE,FALSE,NA,FALSE,FALSE,Genome-wide genotyping array,Affymetrix,2,replication,2496,European,NA,NA,NA,23548203,2013-04-01,Hum Mol Genet,Genome-wide association studies identify several new loci associated with pigmentation traits and skin cancer risk in European Americans.,Zhang M,NA,eye color,http://www.ebi.ac.uk/efo/EFO_0003949
34067,5e-7,(Blue eye color),5,-7,FALSE,FALSE,known,0.05,[0.17-0.37],NA,0.27,unit,decrease,NA,2021-03-16T19:33:03Z,2021-03-16T19:33:03Z,1,rs1408799,C,NA,NA,NA,EFO_0003949,GCST001929,Eye color,3871 European ancestry individuals,"2,496 European ancestry individuals",FALSE,FALSE,2469762,NA,TRUE,FALSE,NA,FALSE,FALSE,Genome-wide genotyping array,Illumina,1,initial,3871,European,NA,NA,NA,23548203,2013-04-01,Hum Mol Genet,Genome-wide association studies identify several new loci associated with pigmentation traits and skin cancer risk in European Americans.,Zhang M,NA,eye color,http://www.ebi.ac.uk/efo/EFO_0003949
34067,5e-7,(Blue eye color),5,-7,FALSE,FALSE,known,0.05,[0.17-0.37],NA,0.27,unit,decrease,NA,2021-03-16T19:33:03Z,2021-03-16T19:33:03Z,1,rs1408799,C,NA,NA,NA,EFO_0003949,GCST001929,Eye color,3871 European ancestry individuals,"2,496 European ancestry individuals",FALSE,FALSE,2469762,NA,TRUE,FALSE,NA,FALSE,FALSE,Genome-wide genotyping array,Illumina,2,replication,2496,European,NA,NA,NA,23548203,2013-04-01,Hum Mol Genet,Genome-wide association studies identify several new loci associated with pigmentation traits and skin cancer risk in European Americans.,Zhang M,NA,eye color,http://www.ebi.ac.uk/efo/EFO_0003949
34068,4e-11,(Blue eye color),4,-11,FALSE,FALSE,known,0.05,[0.23-0.43],NA,0.33,unit,increase,NA,2021-03-16T19:33:03Z,2021-03-16T19:33:03Z,1,rs12896399,G,NA,NA,NA,EFO_0003949,GCST001929,Eye color,3871 European ancestry individuals,"2,496 European ancestry individuals",FALSE,FALSE,2469762,NA,TRUE,FALSE,NA,FALSE,FALSE,Genome-wide genotyping array,Affymetrix,1,initial,3871,European,NA,NA,NA,23548203,2013-04-01,Hum Mol Genet,Genome-wide association studies identify several new loci associated with pigmentation traits and skin cancer risk in European Americans.,Zhang M,NA,eye color,http://www.ebi.ac.uk/efo/EFO_0003949
34068,4e-11,(Blue eye color),4,-11,FALSE,FALSE,known,0.05,[0.23-0.43],NA,0.33,unit,increase,NA,2021-03-16T19:33:03Z,2021-03-16T19:33:03Z,1,rs12896399,G,NA,NA,NA,EFO_0003949,GCST001929,Eye color,3871 European ancestry individuals,"2,496 European ancestry individuals",FALSE,FALSE,2469762,NA,TRUE,FALSE,NA,FALSE,FALSE,Genome-wide genotyping array,Affymetrix,2,replication,2496,European,NA,NA,NA,23548203,2013-04-01,Hum Mol Genet,Genome-wide association studies identify several new loci associated with pigmentation traits and skin cancer risk in European Americans.,Zhang M,NA,eye color,http://www.ebi.ac.uk/efo/EFO_0003949
34068,4e-11,(Blue eye color),4,-11,FALSE,FALSE,known,0.05,[0.23-0.43],NA,0.33,unit,increase,NA,2021-03-16T19:33:03Z,2021-03-16T19:33:03Z,1,rs12896399,G,NA,NA,NA,EFO_0003949,GCST001929,Eye color,3871 European ancestry individuals,"2,496 European ancestry individuals",FALSE,FALSE,2469762,NA,TRUE,FALSE,NA,FALSE,FALSE,Genome-wide genotyping array,Illumina,1,initial,3871,European,NA,NA,NA,23548203,2013-04-01,Hum Mol Genet,Genome-wide association studies identify several new loci associated with pigmentation traits and skin cancer risk in European Americans.,Zhang M,NA,eye color,http://www.ebi.ac.uk/efo/EFO_0003949
34068,4e-11,(Blue eye color),4,-11,FALSE,FALSE,known,0.05,[0.23-0.43],NA,0.33,unit,increase,NA,2021-03-16T19:33:03Z,2021-03-16T19:33:03Z,1,rs12896399,G,NA,NA,NA,EFO_0003949,GCST001929,Eye color,3871 European ancestry individuals,"2,496 European ancestry individuals",FALSE,FALSE,2469762,NA,TRUE,FALSE,NA,FALSE,FALSE,Genome-wide genotyping array,Illumina,2,replication,2496,European,NA,NA,NA,23548203,2013-04-01,Hum Mol Genet,Genome-wide association studies identify several new loci associated with pigmentation traits and skin cancer risk in European Americans.,Zhang M,NA,eye color,http://www.ebi.ac.uk/efo/EFO_0003949
34069,1e-158,(Blue eye color),1,-158,FALSE,FALSE,known,0.11,[2.62-3.06],NA,2.84,unit,decrease,NA,2021-03-16T19:33:03Z,2021-03-16T19:33:03Z,1,rs12913832,G,NA,NA,NA,EFO_0003949,GCST001929,Eye color,3871 European ancestry individuals,"2,496 European ancestry individuals",FALSE,FALSE,2469762,NA,TRUE,FALSE,NA,FALSE,FALSE,Genome-wide genotyping array,Affymetrix,1,initial,3871,European,NA,NA,NA,23548203,2013-04-01,Hum Mol Genet,Genome-wide association studies identify several new loci associated with pigmentation traits and skin cancer risk in European Americans.,Zhang M,NA,eye color,http://www.ebi.ac.uk/efo/EFO_0003949
34069,1e-158,(Blue eye color),1,-158,FALSE,FALSE,known,0.11,[2.62-3.06],NA,2.84,unit,decrease,NA,2021-03-16T19:33:03Z,2021-03-16T19:33:03Z,1,rs12913832,G,NA,NA,NA,EFO_0003949,GCST001929,Eye color,3871 European ancestry individuals,"2,496 European ancestry individuals",FALSE,FALSE,2469762,NA,TRUE,FALSE,NA,FALSE,FALSE,Genome-wide genotyping array,Affymetrix,2,replication,2496,European,NA,NA,NA,23548203,2013-04-01,Hum Mol Genet,Genome-wide association studies identify several new loci associated with pigmentation traits and skin cancer risk in European Americans.,Zhang M,NA,eye color,http://www.ebi.ac.uk/efo/EFO_0003949
34069,1e-158,(Blue eye color),1,-158,FALSE,FALSE,known,0.11,[2.62-3.06],NA,2.84,unit,decrease,NA,2021-03-16T19:33:03Z,2021-03-16T19:33:03Z,1,rs12913832,G,NA,NA,NA,EFO_0003949,GCST001929,Eye color,3871 European ancestry individuals,"2,496 European ancestry individuals",FALSE,FALSE,2469762,NA,TRUE,FALSE,NA,FALSE,FALSE,Genome-wide genotyping array,Illumina,1,initial,3871,European,NA,NA,NA,23548203,2013-04-01,Hum Mol Genet,Genome-wide association studies identify several new loci associated with pigmentation traits and skin cancer risk in European Americans.,Zhang M,NA,eye color,http://www.ebi.ac.uk/efo/EFO_0003949
34069,1e-158,(Blue eye color),1,-158,FALSE,FALSE,known,0.11,[2.62-3.06],NA,2.84,unit,decrease,NA,2021-03-16T19:33:03Z,2021-03-16T19:33:03Z,1,rs12913832,G,NA,NA,NA,EFO_0003949,GCST001929,Eye color,3871 European ancestry individuals,"2,496 European ancestry individuals",FALSE,FALSE,2469762,NA,TRUE,FALSE,NA,FALSE,FALSE,Genome-wide genotyping array,Illumina,2,replication,2496,European,NA,NA,NA,23548203,2013-04-01,Hum Mol Genet,Genome-wide association studies identify several new loci associated with pigmentation traits and skin cancer risk in European Americans.,Zhang M,NA,eye color,http://www.ebi.ac.uk/efo/EFO_0003949
34050,1e-7,(Brown eye color),1,-7,FALSE,FALSE,novel,0.06,[0.21-0.45],NA,0.33,unit,increase,NA,2021-03-16T18:51:27Z,2021-03-16T18:51:27Z,1,rs7173419,T,NA,NA,NA,EFO_0003949,GCST001929,Eye color,3871 European ancestry individuals,"2,496 European ancestry individuals",FALSE,FALSE,2469762,NA,TRUE,FALSE,NA,FALSE,FALSE,Genome-wide genotyping array,Affymetrix,1,initial,3871,European,NA,NA,NA,23548203,2013-04-01,Hum Mol Genet,Genome-wide association studies identify several new loci associated with pigmentation traits and skin cancer risk in European Americans.,Zhang M,NA,eye color,http://www.ebi.ac.uk/efo/EFO_0003949
34050,1e-7,(Brown eye color),1,-7,FALSE,FALSE,novel,0.06,[0.21-0.45],NA,0.33,unit,increase,NA,2021-03-16T18:51:27Z,2021-03-16T18:51:27Z,1,rs7173419,T,NA,NA,NA,EFO_0003949,GCST001929,Eye color,3871 European ancestry individuals,"2,496 European ancestry individuals",FALSE,FALSE,2469762,NA,TRUE,FALSE,NA,FALSE,FALSE,Genome-wide genotyping array,Affymetrix,2,replication,2496,European,NA,NA,NA,23548203,2013-04-01,Hum Mol Genet,Genome-wide association studies identify several new loci associated with pigmentation traits and skin cancer risk in European Americans.,Zhang M,NA,eye color,http://www.ebi.ac.uk/efo/EFO_0003949
34050,1e-7,(Brown eye color),1,-7,FALSE,FALSE,novel,0.06,[0.21-0.45],NA,0.33,unit,increase,NA,2021-03-16T18:51:27Z,2021-03-16T18:51:27Z,1,rs7173419,T,NA,NA,NA,EFO_0003949,GCST001929,Eye color,3871 European ancestry individuals,"2,496 European ancestry individuals",FALSE,FALSE,2469762,NA,TRUE,FALSE,NA,FALSE,FALSE,Genome-wide genotyping array,Illumina,1,initial,3871,European,NA,NA,NA,23548203,2013-04-01,Hum Mol Genet,Genome-wide association studies identify several new loci associated with pigmentation traits and skin cancer risk in European Americans.,Zhang M,NA,eye color,http://www.ebi.ac.uk/efo/EFO_0003949
34050,1e-7,(Brown eye color),1,-7,FALSE,FALSE,novel,0.06,[0.21-0.45],NA,0.33,unit,increase,NA,2021-03-16T18:51:27Z,2021-03-16T18:51:27Z,1,rs7173419,T,NA,NA,NA,EFO_0003949,GCST001929,Eye color,3871 European ancestry individuals,"2,496 European ancestry individuals",FALSE,FALSE,2469762,NA,TRUE,FALSE,NA,FALSE,FALSE,Genome-wide genotyping array,Illumina,2,replication,2496,European,NA,NA,NA,23548203,2013-04-01,Hum Mol Genet,Genome-wide association studies identify several new loci associated with pigmentation traits and skin cancer risk in European Americans.,Zhang M,NA,eye color,http://www.ebi.ac.uk/efo/EFO_0003949
34051,1e-177,(Brown eye color),1,-177,FALSE,FALSE,known,0.1,[2.62-3.02],NA,2.82,unit,increase,NA,2021-03-16T18:51:27Z,2021-03-16T18:51:27Z,1,rs12913832,A,NA,NA,NA,EFO_0003949,GCST001929,Eye color,3871 European ancestry individuals,"2,496 European ancestry individuals",FALSE,FALSE,2469762,NA,TRUE,FALSE,NA,FALSE,FALSE,Genome-wide genotyping array,Affymetrix,1,initial,3871,European,NA,NA,NA,23548203,2013-04-01,Hum Mol Genet,Genome-wide association studies identify several new loci associated with pigmentation traits and skin cancer risk in European Americans.,Zhang M,NA,eye color,http://www.ebi.ac.uk/efo/EFO_0003949
34051,1e-177,(Brown eye color),1,-177,FALSE,FALSE,known,0.1,[2.62-3.02],NA,2.82,unit,increase,NA,2021-03-16T18:51:27Z,2021-03-16T18:51:27Z,1,rs12913832,A,NA,NA,NA,EFO_0003949,GCST001929,Eye color,3871 European ancestry individuals,"2,496 European ancestry individuals",FALSE,FALSE,2469762,NA,TRUE,FALSE,NA,FALSE,FALSE,Genome-wide genotyping array,Affymetrix,2,replication,2496,European,NA,NA,NA,23548203,2013-04-01,Hum Mol Genet,Genome-wide association studies identify several new loci associated with pigmentation traits and skin cancer risk in European Americans.,Zhang M,NA,eye color,http://www.ebi.ac.uk/efo/EFO_0003949
34051,1e-177,(Brown eye color),1,-177,FALSE,FALSE,known,0.1,[2.62-3.02],NA,2.82,unit,increase,NA,2021-03-16T18:51:27Z,2021-03-16T18:51:27Z,1,rs12913832,A,NA,NA,NA,EFO_0003949,GCST001929,Eye color,3871 European ancestry individuals,"2,496 European ancestry individuals",FALSE,FALSE,2469762,NA,TRUE,FALSE,NA,FALSE,FALSE,Genome-wide genotyping array,Illumina,1,initial,3871,European,NA,NA,NA,23548203,2013-04-01,Hum Mol Genet,Genome-wide association studies identify several new loci associated with pigmentation traits and skin cancer risk in European Americans.,Zhang M,NA,eye color,http://www.ebi.ac.uk/efo/EFO_0003949
34051,1e-177,(Brown eye color),1,-177,FALSE,FALSE,known,0.1,[2.62-3.02],NA,2.82,unit,increase,NA,2021-03-16T18:51:27Z,2021-03-16T18:51:27Z,1,rs12913832,A,NA,NA,NA,EFO_0003949,GCST001929,Eye color,3871 European ancestry individuals,"2,496 European ancestry individuals",FALSE,FALSE,2469762,NA,TRUE,FALSE,NA,FALSE,FALSE,Genome-wide genotyping array,Illumina,2,replication,2496,European,NA,NA,NA,23548203,2013-04-01,Hum Mol Genet,Genome-wide association studies identify several new loci associated with pigmentation traits and skin cancer risk in European Americans.,Zhang M,NA,eye color,http://www.ebi.ac.uk/efo/EFO_0003949
34042,7e-8,(Brown eye color),7,-8,FALSE,FALSE,novel,0.04,[0.14-0.30],NA,0.22,unit,decrease,NA,2021-03-16T16:48:15Z,2021-03-16T16:48:15Z,1,rs3002288,A,NA,NA,NA,EFO_0003949,GCST001929,Eye color,3871 European ancestry individuals,"2,496 European ancestry individuals",FALSE,FALSE,2469762,NA,TRUE,FALSE,NA,FALSE,FALSE,Genome-wide genotyping array,Affymetrix,1,initial,3871,European,NA,NA,NA,23548203,2013-04-01,Hum Mol Genet,Genome-wide association studies identify several new loci associated with pigmentation traits and skin cancer risk in European Americans.,Zhang M,NA,eye color,http://www.ebi.ac.uk/efo/EFO_0003949
34042,7e-8,(Brown eye color),7,-8,FALSE,FALSE,novel,0.04,[0.14-0.30],NA,0.22,unit,decrease,NA,2021-03-16T16:48:15Z,2021-03-16T16:48:15Z,1,rs3002288,A,NA,NA,NA,EFO_0003949,GCST001929,Eye color,3871 European ancestry individuals,"2,496 European ancestry individuals",FALSE,FALSE,2469762,NA,TRUE,FALSE,NA,FALSE,FALSE,Genome-wide genotyping array,Affymetrix,2,replication,2496,European,NA,NA,NA,23548203,2013-04-01,Hum Mol Genet,Genome-wide association studies identify several new loci associated with pigmentation traits and skin cancer risk in European Americans.,Zhang M,NA,eye color,http://www.ebi.ac.uk/efo/EFO_0003949
34042,7e-8,(Brown eye color),7,-8,FALSE,FALSE,novel,0.04,[0.14-0.30],NA,0.22,unit,decrease,NA,2021-03-16T16:48:15Z,2021-03-16T16:48:15Z,1,rs3002288,A,NA,NA,NA,EFO_0003949,GCST001929,Eye color,3871 European ancestry individuals,"2,496 European ancestry individuals",FALSE,FALSE,2469762,NA,TRUE,FALSE,NA,FALSE,FALSE,Genome-wide genotyping array,Illumina,1,initial,3871,European,NA,NA,NA,23548203,2013-04-01,Hum Mol Genet,Genome-wide association studies identify several new loci associated with pigmentation traits and skin cancer risk in European Americans.,Zhang M,NA,eye color,http://www.ebi.ac.uk/efo/EFO_0003949
34042,7e-8,(Brown eye color),7,-8,FALSE,FALSE,novel,0.04,[0.14-0.30],NA,0.22,unit,decrease,NA,2021-03-16T16:48:15Z,2021-03-16T16:48:15Z,1,rs3002288,A,NA,NA,NA,EFO_0003949,GCST001929,Eye color,3871 European ancestry individuals,"2,496 European ancestry individuals",FALSE,FALSE,2469762,NA,TRUE,FALSE,NA,FALSE,FALSE,Genome-wide genotyping array,Illumina,2,replication,2496,European,NA,NA,NA,23548203,2013-04-01,Hum Mol Genet,Genome-wide association studies identify several new loci associated with pigmentation traits and skin cancer risk in European Americans.,Zhang M,NA,eye color,http://www.ebi.ac.uk/efo/EFO_0003949
34070,3e-7,(Intermediate/Green eye color),3,-7,FALSE,FALSE,known,0.05,[0.17-0.37],NA,0.27,unit,decrease,NA,2021-03-16T19:33:04Z,2021-03-16T19:33:04Z,1,rs12896399,G,NA,NA,NA,EFO_0003949,GCST001929,Eye color,3871 European ancestry individuals,"2,496 European ancestry individuals",FALSE,FALSE,2469762,NA,TRUE,FALSE,NA,FALSE,FALSE,Genome-wide genotyping array,Affymetrix,1,initial,3871,European,NA,NA,NA,23548203,2013-04-01,Hum Mol Genet,Genome-wide association studies identify several new loci associated with pigmentation traits and skin cancer risk in European Americans.,Zhang M,NA,eye color,http://www.ebi.ac.uk/efo/EFO_0003949
34070,3e-7,(Intermediate/Green eye color),3,-7,FALSE,FALSE,known,0.05,[0.17-0.37],NA,0.27,unit,decrease,NA,2021-03-16T19:33:04Z,2021-03-16T19:33:04Z,1,rs12896399,G,NA,NA,NA,EFO_0003949,GCST001929,Eye color,3871 European ancestry individuals,"2,496 European ancestry individuals",FALSE,FALSE,2469762,NA,TRUE,FALSE,NA,FALSE,FALSE,Genome-wide genotyping array,Affymetrix,2,replication,2496,European,NA,NA,NA,23548203,2013-04-01,Hum Mol Genet,Genome-wide association studies identify several new loci associated with pigmentation traits and skin cancer risk in European Americans.,Zhang M,NA,eye color,http://www.ebi.ac.uk/efo/EFO_0003949
34070,3e-7,(Intermediate/Green eye color),3,-7,FALSE,FALSE,known,0.05,[0.17-0.37],NA,0.27,unit,decrease,NA,2021-03-16T19:33:04Z,2021-03-16T19:33:04Z,1,rs12896399,G,NA,NA,NA,EFO_0003949,GCST001929,Eye color,3871 European ancestry individuals,"2,496 European ancestry individuals",FALSE,FALSE,2469762,NA,TRUE,FALSE,NA,FALSE,FALSE,Genome-wide genotyping array,Illumina,1,initial,3871,European,NA,NA,NA,23548203,2013-04-01,Hum Mol Genet,Genome-wide association studies identify several new loci associated with pigmentation traits and skin cancer risk in European Americans.,Zhang M,NA,eye color,http://www.ebi.ac.uk/efo/EFO_0003949
34070,3e-7,(Intermediate/Green eye color),3,-7,FALSE,FALSE,known,0.05,[0.17-0.37],NA,0.27,unit,decrease,NA,2021-03-16T19:33:04Z,2021-03-16T19:33:04Z,1,rs12896399,G,NA,NA,NA,EFO_0003949,GCST001929,Eye color,3871 European ancestry individuals,"2,496 European ancestry individuals",FALSE,FALSE,2469762,NA,TRUE,FALSE,NA,FALSE,FALSE,Genome-wide genotyping array,Illumina,2,replication,2496,European,NA,NA,NA,23548203,2013-04-01,Hum Mol Genet,Genome-wide association studies identify several new loci associated with pigmentation traits and skin cancer risk in European Americans.,Zhang M,NA,eye color,http://www.ebi.ac.uk/efo/EFO_0003949
34043,9e-7,(Intermediate/Green eye color),9,-7,FALSE,FALSE,novel,0.08,[0.26-0.58],NA,0.42,unit,increase,NA,2021-03-16T16:48:16Z,2021-03-16T16:48:16Z,1,rs12520016,G,NA,NA,NA,EFO_0003949,GCST001929,Eye color,3871 European ancestry individuals,"2,496 European ancestry individuals",FALSE,FALSE,2469762,NA,TRUE,FALSE,NA,FALSE,FALSE,Genome-wide genotyping array,Affymetrix,1,initial,3871,European,NA,NA,NA,23548203,2013-04-01,Hum Mol Genet,Genome-wide association studies identify several new loci associated with pigmentation traits and skin cancer risk in European Americans.,Zhang M,NA,eye color,http://www.ebi.ac.uk/efo/EFO_0003949
34043,9e-7,(Intermediate/Green eye color),9,-7,FALSE,FALSE,novel,0.08,[0.26-0.58],NA,0.42,unit,increase,NA,2021-03-16T16:48:16Z,2021-03-16T16:48:16Z,1,rs12520016,G,NA,NA,NA,EFO_0003949,GCST001929,Eye color,3871 European ancestry individuals,"2,496 European ancestry individuals",FALSE,FALSE,2469762,NA,TRUE,FALSE,NA,FALSE,FALSE,Genome-wide genotyping array,Affymetrix,2,replication,2496,European,NA,NA,NA,23548203,2013-04-01,Hum Mol Genet,Genome-wide association studies identify several new loci associated with pigmentation traits and skin cancer risk in European Americans.,Zhang M,NA,eye color,http://www.ebi.ac.uk/efo/EFO_0003949
34043,9e-7,(Intermediate/Green eye color),9,-7,FALSE,FALSE,novel,0.08,[0.26-0.58],NA,0.42,unit,increase,NA,2021-03-16T16:48:16Z,2021-03-16T16:48:16Z,1,rs12520016,G,NA,NA,NA,EFO_0003949,GCST001929,Eye color,3871 European ancestry individuals,"2,496 European ancestry individuals",FALSE,FALSE,2469762,NA,TRUE,FALSE,NA,FALSE,FALSE,Genome-wide genotyping array,Illumina,1,initial,3871,European,NA,NA,NA,23548203,2013-04-01,Hum Mol Genet,Genome-wide association studies identify several new loci associated with pigmentation traits and skin cancer risk in European Americans.,Zhang M,NA,eye color,http://www.ebi.ac.uk/efo/EFO_0003949
34043,9e-7,(Intermediate/Green eye color),9,-7,FALSE,FALSE,novel,0.08,[0.26-0.58],NA,0.42,unit,increase,NA,2021-03-16T16:48:16Z,2021-03-16T16:48:16Z,1,rs12520016,G,NA,NA,NA,EFO_0003949,GCST001929,Eye color,3871 European ancestry individuals,"2,496 European ancestry individuals",FALSE,FALSE,2469762,NA,TRUE,FALSE,NA,FALSE,FALSE,Genome-wide genotyping array,Illumina,2,replication,2496,European,NA,NA,NA,23548203,2013-04-01,Hum Mol Genet,Genome-wide association studies identify several new loci associated with pigmentation traits and skin cancer risk in European Americans.,Zhang M,NA,eye color,http://www.ebi.ac.uk/efo/EFO_0003949
15590,1e-300,(eye color),1,-300,FALSE,FALSE,known,NA,NA,NA,2.49,unit,increase,NA,2021-03-16T15:26:13Z,2021-03-16T15:26:13Z,1,rs12913832,A,NA,NA,NA,EFO_0003949,GCST000710,Eye color,"9,126 European ancestry individuals",NA,FALSE,FALSE,535076,NA,FALSE,FALSE,NA,FALSE,FALSE,Genome-wide genotyping array,Illumina,1,initial,9126,European,NA,NA,NA,20585627,2010-06-24,PLoS Genet,"Web-based, participant-driven studies yield novel genetic associations for common traits.",Eriksson N,NA,eye color,http://www.ebi.ac.uk/efo/EFO_0003949
15591,1e-16,(eye color),1,-16,FALSE,FALSE,known,NA,NA,NA,0.34,unit,decrease,NA,2021-03-16T14:27:20Z,2021-03-16T14:27:20Z,1,rs12896399,T,NA,NA,NA,EFO_0003949,GCST000710,Eye color,"9,126 European ancestry individuals",NA,FALSE,FALSE,535076,NA,FALSE,FALSE,NA,FALSE,FALSE,Genome-wide genotyping array,Illumina,1,initial,9126,European,NA,NA,NA,20585627,2010-06-24,PLoS Genet,"Web-based, participant-driven studies yield novel genetic associations for common traits.",Eriksson N,NA,eye color,http://www.ebi.ac.uk/efo/EFO_0003949
15592,2e-15,(eye color),2,-15,FALSE,FALSE,known,NA,NA,NA,0.42,unit,decrease,NA,2021-03-16T15:26:13Z,2021-03-16T15:26:13Z,1,rs12203592,T,NA,NA,NA,EFO_0003949,GCST000710,Eye color,"9,126 European ancestry individuals",NA,FALSE,FALSE,535076,NA,FALSE,FALSE,NA,FALSE,FALSE,Genome-wide genotyping array,Illumina,1,initial,9126,European,NA,NA,NA,20585627,2010-06-24,PLoS Genet,"Web-based, participant-driven studies yield novel genetic associations for common traits.",Eriksson N,NA,eye color,http://www.ebi.ac.uk/efo/EFO_0003949
15593,1e-12,(eye color),1,-12,FALSE,FALSE,known,NA,NA,NA,0.84,unit,increase,NA,2021-03-16T14:11:04Z,2021-03-16T14:11:04Z,1,rs16891982,C,NA,NA,NA,EFO_0003949,GCST000710,Eye color,"9,126 European ancestry individuals",NA,FALSE,FALSE,535076,NA,FALSE,FALSE,NA,FALSE,FALSE,Genome-wide genotyping array,Illumina,1,initial,9126,European,NA,NA,NA,20585627,2010-06-24,PLoS Genet,"Web-based, participant-driven studies yield novel genetic associations for common traits.",Eriksson N,NA,eye color,http://www.ebi.ac.uk/efo/EFO_0003949
15594,3.0000000000000004e-9,(eye color),3,-9,FALSE,FALSE,known,NA,NA,NA,0.28,unit,decrease,NA,2021-03-16T23:51:11Z,2021-03-16T23:51:11Z,1,rs1393350,A,NA,NA,NA,EFO_0003949,GCST000710,Eye color,"9,126 European ancestry individuals",NA,FALSE,FALSE,535076,NA,FALSE,FALSE,NA,FALSE,FALSE,Genome-wide genotyping array,Illumina,1,initial,9126,European,NA,NA,NA,20585627,2010-06-24,PLoS Genet,"Web-based, participant-driven studies yield novel genetic associations for common traits.",Eriksson N,NA,eye color,http://www.ebi.ac.uk/efo/EFO_0003949
15595,3e-52,(green eyes),3,-52,FALSE,FALSE,known,NA,NA,8.43,NA,NA,NA,NA,2021-03-16T15:26:14Z,2021-03-16T15:26:14Z,1,rs12913832,A,NA,NA,NA,EFO_0003949,GCST000710,Eye color,"9,126 European ancestry individuals",NA,FALSE,FALSE,535076,NA,FALSE,FALSE,NA,FALSE,FALSE,Genome-wide genotyping array,Illumina,1,initial,9126,European,NA,NA,NA,20585627,2010-06-24,PLoS Genet,"Web-based, participant-driven studies yield novel genetic associations for common traits.",Eriksson N,NA,eye color,http://www.ebi.ac.uk/efo/EFO_0003949
15596,2e-23,(green eyes),2,-23,FALSE,FALSE,known,NA,NA,1.73,NA,NA,NA,NA,2021-03-16T14:11:05Z,2021-03-16T14:11:05Z,1,rs12896399,G,NA,NA,NA,EFO_0003949,GCST000710,Eye color,"9,126 European ancestry individuals",NA,FALSE,FALSE,535076,NA,FALSE,FALSE,NA,FALSE,FALSE,Genome-wide genotyping array,Illumina,1,initial,9126,European,NA,NA,NA,20585627,2010-06-24,PLoS Genet,"Web-based, participant-driven studies yield novel genetic associations for common traits.",Eriksson N,NA,eye color,http://www.ebi.ac.uk/efo/EFO_0003949
15597,1e-15,(green eyes),1,-15,FALSE,FALSE,known,NA,NA,1.58,NA,NA,NA,NA,2021-03-16T14:11:06Z,2021-03-16T14:11:06Z,1,rs1847134,A,NA,NA,NA,EFO_0003949,GCST000710,Eye color,"9,126 European ancestry individuals",NA,FALSE,FALSE,535076,NA,FALSE,FALSE,NA,FALSE,FALSE,Genome-wide genotyping array,Illumina,1,initial,9126,European,NA,NA,NA,20585627,2010-06-24,PLoS Genet,"Web-based, participant-driven studies yield novel genetic associations for common traits.",Eriksson N,NA,eye color,http://www.ebi.ac.uk/efo/EFO_0003949
5944,4e-38,NA,4,-38,FALSE,FALSE,novel,NA,[1.76-2.42],2.06,NA,NA,NA,NA,2021-03-16T14:15:58Z,2021-03-16T14:15:58Z,1,rs12896399,T,NA,NA,NA,EFO_0003949,GCST000117,Blue vs. green eyes,"2,986 Icelandic ancestry individuals","3,932 European ancestry individuals",FALSE,FALSE,317511,NA,FALSE,FALSE,NA,FALSE,FALSE,Genome-wide genotyping array,Illumina,1,initial,2986,European,NA,NA,NA,17952075,2007-10-21,Nat Genet,"Genetic determinants of hair, eye and skin pigmentation in Europeans.",Sulem P,NA,eye color,http://www.ebi.ac.uk/efo/EFO_0003949
5944,4e-38,NA,4,-38,FALSE,FALSE,novel,NA,[1.76-2.42],2.06,NA,NA,NA,NA,2021-03-16T14:15:58Z,2021-03-16T14:15:58Z,1,rs12896399,T,NA,NA,NA,EFO_0003949,GCST000117,Blue vs. green eyes,"2,986 Icelandic ancestry individuals","3,932 European ancestry individuals",FALSE,FALSE,317511,NA,FALSE,FALSE,NA,FALSE,FALSE,Genome-wide genotyping array,Illumina,2,replication,3932,European,NA,NA,NA,17952075,2007-10-21,Nat Genet,"Genetic determinants of hair, eye and skin pigmentation in Europeans.",Sulem P,NA,eye color,http://www.ebi.ac.uk/efo/EFO_0003949
11764,3e-12,NA,3,-12,FALSE,FALSE,known,NA,[1.28-1.81],1.52,NA,NA,NA,NA,2021-03-16T14:56:59Z,2021-03-16T14:56:59Z,1,rs1393350,A,NA,NA,NA,EFO_0003949,GCST000117,Blue vs. green eyes,"2,986 Icelandic ancestry individuals","3,932 European ancestry individuals",FALSE,FALSE,317511,NA,FALSE,FALSE,NA,FALSE,FALSE,Genome-wide genotyping array,Illumina,1,initial,2986,European,NA,NA,NA,17952075,2007-10-21,Nat Genet,"Genetic determinants of hair, eye and skin pigmentation in Europeans.",Sulem P,NA,eye color,http://www.ebi.ac.uk/efo/EFO_0003949
11764,3e-12,NA,3,-12,FALSE,FALSE,known,NA,[1.28-1.81],1.52,NA,NA,NA,NA,2021-03-16T14:56:59Z,2021-03-16T14:56:59Z,1,rs1393350,A,NA,NA,NA,EFO_0003949,GCST000117,Blue vs. green eyes,"2,986 Icelandic ancestry individuals","3,932 European ancestry individuals",FALSE,FALSE,317511,NA,FALSE,FALSE,NA,FALSE,FALSE,Genome-wide genotyping array,Illumina,2,replication,3932,European,NA,NA,NA,17952075,2007-10-21,Nat Genet,"Genetic determinants of hair, eye and skin pigmentation in Europeans.",Sulem P,NA,eye color,http://www.ebi.ac.uk/efo/EFO_0003949
11765,2e-53,NA,2,-53,FALSE,FALSE,known,NA,[4.61-9.83],6.74,NA,NA,NA,NA,2021-03-16T14:57:01Z,2021-03-16T14:57:01Z,1,rs1667394,A,NA,NA,NA,EFO_0003949,GCST000117,Blue vs. green eyes,"2,986 Icelandic ancestry individuals","3,932 European ancestry individuals",FALSE,FALSE,317511,NA,FALSE,FALSE,NA,FALSE,FALSE,Genome-wide genotyping array,Illumina,1,initial,2986,European,NA,NA,NA,17952075,2007-10-21,Nat Genet,"Genetic determinants of hair, eye and skin pigmentation in Europeans.",Sulem P,NA,eye color,http://www.ebi.ac.uk/efo/EFO_0003949
11765,2e-53,NA,2,-53,FALSE,FALSE,known,NA,[4.61-9.83],6.74,NA,NA,NA,NA,2021-03-16T14:57:01Z,2021-03-16T14:57:01Z,1,rs1667394,A,NA,NA,NA,EFO_0003949,GCST000117,Blue vs. green eyes,"2,986 Icelandic ancestry individuals","3,932 European ancestry individuals",FALSE,FALSE,317511,NA,FALSE,FALSE,NA,FALSE,FALSE,Genome-wide genotyping array,Illumina,2,replication,3932,European,NA,NA,NA,17952075,2007-10-21,Nat Genet,"Genetic determinants of hair, eye and skin pigmentation in Europeans.",Sulem P,NA,eye color,http://www.ebi.ac.uk/efo/EFO_0003949
11767,1e-241,NA,1,-241,FALSE,FALSE,known,NA,[21.47-40.35],29.43,NA,NA,NA,NA,2021-03-16T14:57:02Z,2021-03-16T14:57:02Z,1,rs1667394,A,NA,NA,NA,EFO_0003949,GCST000120,Blue vs. brown eyes,"2,986 Icelandic ancestry individuals","3,932 European ancestry individuals",FALSE,FALSE,317511,NA,FALSE,FALSE,NA,FALSE,FALSE,Genome-wide genotyping array,Illumina,1,initial,2986,European,NA,NA,NA,17952075,2007-10-21,Nat Genet,"Genetic determinants of hair, eye and skin pigmentation in Europeans.",Sulem P,NA,eye color,http://www.ebi.ac.uk/efo/EFO_0003949
11767,1e-241,NA,1,-241,FALSE,FALSE,known,NA,[21.47-40.35],29.43,NA,NA,NA,NA,2021-03-16T14:57:02Z,2021-03-16T14:57:02Z,1,rs1667394,A,NA,NA,NA,EFO_0003949,GCST000120,Blue vs. brown eyes,"2,986 Icelandic ancestry individuals","3,932 European ancestry individuals",FALSE,FALSE,317511,NA,FALSE,FALSE,NA,FALSE,FALSE,Genome-wide genotyping array,Illumina,2,replication,3932,European,NA,NA,NA,17952075,2007-10-21,Nat Genet,"Genetic determinants of hair, eye and skin pigmentation in Europeans.",Sulem P,NA,eye color,http://www.ebi.ac.uk/efo/EFO_0003949
41334157,1e-145,(Eye color (dark)),1,-145,FALSE,FALSE,novel,0.06392699,[1.42-1.68],NA,1.5500612,unit,increase,NA,2021-03-17T13:30:03Z,2021-03-17T13:30:03Z,1,rs1667394,NA,NA,FALSE,FALSE,EFO_0003949,GCST007489,Eye color traits,"4,988 Spanish ancestry individuals",NA,FALSE,FALSE,9499600,NA,TRUE,FALSE,NA,FALSE,FALSE,Genome-wide genotyping array,Illumina,1,initial,4988,European,NA,NA,NA,30166351,2018-08-30,J Med Genet,Multitrait genome association analysis identifies new susceptibility genes for human anthropometric variation in the GCAT cohort.,Galvn-Femena I,NA,eye color,http://www.ebi.ac.uk/efo/EFO_0003949
41334162,5e-13,(Eye color (dark)),5,-13,FALSE,FALSE,novel,0.06452242,[0.34-0.59],NA,0.46824425,unit,decrease,NA,2021-03-17T13:30:04Z,2021-03-17T13:30:04Z,1,rs12203592,NA,NA,FALSE,FALSE,EFO_0003949,GCST007489,Eye color traits,"4,988 Spanish ancestry individuals",NA,FALSE,FALSE,9499600,NA,TRUE,FALSE,NA,FALSE,FALSE,Genome-wide genotyping array,Illumina,1,initial,4988,European,NA,NA,NA,30166351,2018-08-30,J Med Genet,Multitrait genome association analysis identifies new susceptibility genes for human anthropometric variation in the GCAT cohort.,Galvn-Femena I,NA,eye color,http://www.ebi.ac.uk/efo/EFO_0003949
41334167,1e-98,(Eye color (dark)),1,-98,FALSE,FALSE,novel,0.07116952,[1.31-1.59],NA,1.4492135,unit,increase,NA,2021-03-17T13:30:04Z,2021-03-17T13:30:04Z,1,rs11855019,NA,NA,FALSE,FALSE,EFO_0003949,GCST007489,Eye color traits,"4,988 Spanish ancestry individuals",NA,FALSE,FALSE,9499600,NA,TRUE,FALSE,NA,FALSE,FALSE,Genome-wide genotyping array,Illumina,1,initial,4988,European,NA,NA,NA,30166351,2018-08-30,J Med Genet,Multitrait genome association analysis identifies new susceptibility genes for human anthropometric variation in the GCAT cohort.,Galvn-Femena I,NA,eye color,http://www.ebi.ac.uk/efo/EFO_0003949
41334172,5e-163,(Eye color phototype score),5,-163,FALSE,FALSE,novel,0.0652,[1.72-1.97],NA,1.843,unit,increase,NA,2021-03-17T13:30:05Z,2021-03-17T13:30:05Z,1,rs1667394,NA,NA,FALSE,FALSE,EFO_0003949,GCST007489,Eye color traits,"4,988 Spanish ancestry individuals",NA,FALSE,FALSE,9499600,NA,TRUE,FALSE,NA,FALSE,FALSE,Genome-wide genotyping array,Illumina,1,initial,4988,European,NA,NA,NA,30166351,2018-08-30,J Med Genet,Multitrait genome association analysis identifies new susceptibility genes for human anthropometric variation in the GCAT cohort.,Galvn-Femena I,NA,eye color,http://www.ebi.ac.uk/efo/EFO_0003949
41334177,7.000000000000001e-10,(Eye color phototype score),7,-10,FALSE,FALSE,novel,0.09893,[0.42-0.81],NA,0.6112,unit,decrease,NA,2021-03-17T13:30:05Z,2021-03-17T13:30:05Z,1,rs12203592,NA,NA,FALSE,FALSE,EFO_0003949,GCST007489,Eye color traits,"4,988 Spanish ancestry individuals",NA,FALSE,FALSE,9499600,NA,TRUE,FALSE,NA,FALSE,FALSE,Genome-wide genotyping array,Illumina,1,initial,4988,European,NA,NA,NA,30166351,2018-08-30,J Med Genet,Multitrait genome association analysis identifies new susceptibility genes for human anthropometric variation in the GCAT cohort.,Galvn-Femena I,NA,eye color,http://www.ebi.ac.uk/efo/EFO_0003949
41334182,9.000000000000001e-114,(Eye color phototype score),9,-114,FALSE,FALSE,novel,0.07176,[1.53-1.81],NA,1.67,unit,increase,NA,2021-03-17T13:30:05Z,2021-03-17T13:30:05Z,1,rs11855019,NA,NA,FALSE,FALSE,EFO_0003949,GCST007489,Eye color traits,"4,988 Spanish ancestry individuals",NA,FALSE,FALSE,9499600,NA,TRUE,FALSE,NA,FALSE,FALSE,Genome-wide genotyping array,Illumina,1,initial,4988,European,NA,NA,NA,30166351,2018-08-30,J Med Genet,Multitrait genome association analysis identifies new susceptibility genes for human anthropometric variation in the GCAT cohort.,Galvn-Femena I,NA,eye color,http://www.ebi.ac.uk/efo/EFO_0003949
41334187,2e-10,(Eye color phototype score),2,-10,FALSE,FALSE,novel,0.07134,[0.31-0.59],NA,0.4536,unit,increase,NA,2021-03-17T13:30:06Z,2021-03-17T13:30:06Z,1,rs1408799,NA,NA,FALSE,FALSE,EFO_0003949,GCST007489,Eye color traits,"4,988 Spanish ancestry individuals",NA,FALSE,FALSE,9499600,NA,TRUE,FALSE,NA,FALSE,FALSE,Genome-wide genotyping array,Illumina,1,initial,4988,European,NA,NA,NA,30166351,2018-08-30,J Med Genet,Multitrait genome association analysis identifies new susceptibility genes for human anthropometric variation in the GCAT cohort.,Galvn-Femena I,NA,eye color,http://www.ebi.ac.uk/efo/EFO_0003949
41334192,1e-16,(Eye color phototype score),1,-16,FALSE,FALSE,novel,0.09948,[0.63-1.02],NA,0.8276,unit,increase,NA,2021-03-17T13:30:29Z,2021-03-17T13:30:29Z,1,rs16891982,NA,NA,FALSE,FALSE,EFO_0003949,GCST007489,Eye color traits,"4,988 Spanish ancestry individuals",NA,FALSE,FALSE,9499600,NA,TRUE,FALSE,NA,FALSE,FALSE,Genome-wide genotyping array,Illumina,1,initial,4988,European,NA,NA,NA,30166351,2018-08-30,J Med Genet,Multitrait genome association analysis identifies new susceptibility genes for human anthropometric variation in the GCAT cohort.,Galvn-Femena I,NA,eye color,http://www.ebi.ac.uk/efo/EFO_0003949
41334197,3e-176,(Eye color),3,-176,FALSE,FALSE,novel,0.02065,[0.57-0.65],NA,0.6088,unit,decrease,NA,2021-03-17T13:30:30Z,2021-03-17T13:30:30Z,1,rs1667394,NA,NA,FALSE,FALSE,EFO_0003949,GCST007489,Eye color traits,"4,988 Spanish ancestry individuals",NA,FALSE,FALSE,9499600,NA,TRUE,FALSE,NA,FALSE,FALSE,Genome-wide genotyping array,Illumina,1,initial,4988,European,NA,NA,NA,30166351,2018-08-30,J Med Genet,Multitrait genome association analysis identifies new susceptibility genes for human anthropometric variation in the GCAT cohort.,Galvn-Femena I,NA,eye color,http://www.ebi.ac.uk/efo/EFO_0003949
41334202,2e-11,(Eye color),2,-11,FALSE,FALSE,novel,0.0315,[0.15-0.27],NA,0.2115,unit,increase,NA,2021-03-17T13:30:30Z,2021-03-17T13:30:30Z,1,rs12203592,NA,NA,FALSE,FALSE,EFO_0003949,GCST007489,Eye color traits,"4,988 Spanish ancestry individuals",NA,FALSE,FALSE,9499600,NA,TRUE,FALSE,NA,FALSE,FALSE,Genome-wide genotyping array,Illumina,1,initial,4988,European,NA,NA,NA,30166351,2018-08-30,J Med Genet,Multitrait genome association analysis identifies new susceptibility genes for human anthropometric variation in the GCAT cohort.,Galvn-Femena I,NA,eye color,http://www.ebi.ac.uk/efo/EFO_0003949
41334207,2e-121,(Eye color),2,-121,FALSE,FALSE,novel,0.02278,[0.5-0.59],NA,0.5488,unit,decrease,NA,2021-03-17T13:30:31Z,2021-03-17T13:30:31Z,1,rs11855019,NA,NA,FALSE,FALSE,EFO_0003949,GCST007489,Eye color traits,"4,988 Spanish ancestry individuals",NA,FALSE,FALSE,9499600,NA,TRUE,FALSE,NA,FALSE,FALSE,Genome-wide genotyping array,Illumina,1,initial,4988,European,NA,NA,NA,30166351,2018-08-30,J Med Genet,Multitrait genome association analysis identifies new susceptibility genes for human anthropometric variation in the GCAT cohort.,Galvn-Femena I,NA,eye color,http://www.ebi.ac.uk/efo/EFO_0003949
41334212,2e-13,(Eye color),2,-13,FALSE,FALSE,novel,0.03176,[0.17-0.3],NA,0.2339,unit,decrease,NA,2021-03-17T13:30:31Z,2021-03-17T13:30:31Z,1,rs16891982,NA,NA,FALSE,FALSE,EFO_0003949,GCST007489,Eye color traits,"4,988 Spanish ancestry individuals",NA,FALSE,FALSE,9499600,NA,TRUE,FALSE,NA,FALSE,FALSE,Genome-wide genotyping array,Illumina,1,initial,4988,European,NA,NA,NA,30166351,2018-08-30,J Med Genet,Multitrait genome association analysis identifies new susceptibility genes for human anthropometric variation in the GCAT cohort.,Galvn-Femena I,NA,eye color,http://www.ebi.ac.uk/efo/EFO_0003949
41334217,2e-9,(Eye color),2,-9,FALSE,FALSE,novel,0.02274,[0.092-0.181],NA,0.1366,unit,decrease,NA,2021-03-17T13:30:32Z,2021-03-17T13:30:32Z,1,rs1408799,NA,NA,FALSE,FALSE,EFO_0003949,GCST007489,Eye color traits,"4,988 Spanish ancestry individuals",NA,FALSE,FALSE,9499600,NA,TRUE,FALSE,NA,FALSE,FALSE,Genome-wide genotyping array,Illumina,1,initial,4988,European,NA,NA,NA,30166351,2018-08-30,J Med Genet,Multitrait genome association analysis identifies new susceptibility genes for human anthropometric variation in the GCAT cohort.,Galvn-Femena I,NA,eye color,http://www.ebi.ac.uk/efo/EFO_0003949
24956322,4e-7,NA,4,-7,FALSE,FALSE,novel,0.0955947,[0.31-0.68],NA,0.495853,unit,decrease,NA,2021-03-17T10:25:14Z,2021-03-17T10:25:14Z,1,rs12510870,C,0.19,FALSE,FALSE,EFO_0003949,GCST005096,Iris color (b* coordinate),377 East Asian ancestry individuals,NA,FALSE,FALSE,520076,at least,TRUE,FALSE,NA,FALSE,FALSE,Genome-wide genotyping array,Illumina,1,initial,377,East Asian,NA,NA,NA,29109912,2017-11-02,PeerJ,Genome-wide association study of pigmentary traits (skin and iris color) in individuals of East Asian ancestry.,Rawofi L,NA,eye color,http://www.ebi.ac.uk/efo/EFO_0003949
24956327,2e-6,NA,2,-6,FALSE,FALSE,novel,0.0922995,[0.27-0.63],NA,0.450736,unit,increase,NA,2021-03-17T10:25:14Z,2021-03-17T10:25:14Z,1,rs1996603,A,0.779,FALSE,FALSE,EFO_0003949,GCST005096,Iris color (b* coordinate),377 East Asian ancestry individuals,NA,FALSE,FALSE,520076,at least,TRUE,FALSE,NA,FALSE,FALSE,Genome-wide genotyping array,Illumina,1,initial,377,East Asian,NA,NA,NA,29109912,2017-11-02,PeerJ,Genome-wide association study of pigmentary traits (skin and iris color) in individuals of East Asian ancestry.,Rawofi L,NA,eye color,http://www.ebi.ac.uk/efo/EFO_0003949
24956331,5e-7,NA,5,-7,FALSE,FALSE,novel,0.13437,[0.43-0.95],NA,0.690923,unit,increase,NA,2021-03-17T10:25:15Z,2021-03-17T10:25:15Z,1,rs72763726,T,0.09,FALSE,FALSE,EFO_0003949,GCST005096,Iris color (b* coordinate),377 East Asian ancestry individuals,NA,FALSE,FALSE,520076,at least,TRUE,FALSE,NA,FALSE,FALSE,Genome-wide genotyping array,Illumina,1,initial,377,East Asian,NA,NA,NA,29109912,2017-11-02,PeerJ,Genome-wide association study of pigmentary traits (skin and iris color) in individuals of East Asian ancestry.,Rawofi L,NA,eye color,http://www.ebi.ac.uk/efo/EFO_0003949
24956335,3e-6,NA,3,-6,FALSE,FALSE,novel,0.0750779,[0.21-0.5],NA,0.354629,unit,decrease,NA,2021-03-17T10:25:16Z,2021-03-17T10:25:16Z,1,rs330203,G,0.5,FALSE,FALSE,EFO_0003949,GCST005096,Iris color (b* coordinate),377 East Asian ancestry individuals,NA,FALSE,FALSE,520076,at least,TRUE,FALSE,NA,FALSE,FALSE,Genome-wide genotyping array,Illumina,1,initial,377,East Asian,NA,NA,NA,29109912,2017-11-02,PeerJ,Genome-wide association study of pigmentary traits (skin and iris color) in individuals of East Asian ancestry.,Rawofi L,NA,eye color,http://www.ebi.ac.uk/efo/EFO_0003949
24956341,4e-6,NA,4,-6,FALSE,FALSE,novel,0.0749462,[0.21-0.5],NA,0.352648,unit,increase,NA,2021-03-17T10:25:17Z,2021-03-17T10:25:17Z,1,rs141034411,A,0.413,FALSE,FALSE,EFO_0003949,GCST005096,Iris color (b* coordinate),377 East Asian ancestry individuals,NA,FALSE,FALSE,520076,at least,TRUE,FALSE,NA,FALSE,FALSE,Genome-wide genotyping array,Illumina,1,initial,377,East Asian,NA,NA,NA,29109912,2017-11-02,PeerJ,Genome-wide association study of pigmentary traits (skin and iris color) in individuals of East Asian ancestry.,Rawofi L,NA,eye color,http://www.ebi.ac.uk/efo/EFO_0003949
24956346,3e-7,NA,3,-7,FALSE,FALSE,novel,0.0754711,[0.25-0.54],NA,0.394833,unit,decrease,NA,2021-03-17T10:25:17Z,2021-03-17T10:25:17Z,1,rs2278745,C,0.602,FALSE,FALSE,EFO_0003949,GCST005096,Iris color (b* coordinate),377 East Asian ancestry individuals,NA,FALSE,FALSE,520076,at least,TRUE,FALSE,NA,FALSE,FALSE,Genome-wide genotyping array,Illumina,1,initial,377,East Asian,NA,NA,NA,29109912,2017-11-02,PeerJ,Genome-wide association study of pigmentary traits (skin and iris color) in individuals of East Asian ancestry.,Rawofi L,NA,eye color,http://www.ebi.ac.uk/efo/EFO_0003949
24956350,5e-12,NA,5,-12,FALSE,FALSE,known,0.0736677,[0.38-0.67],NA,0.526823,unit,increase,NA,2021-03-17T10:25:19Z,2021-03-17T10:25:19Z,1,rs76930569,T,0.623,FALSE,FALSE,EFO_0003949,GCST005096,Iris color (b* coordinate),377 East Asian ancestry individuals,NA,FALSE,FALSE,520076,at least,TRUE,FALSE,NA,FALSE,FALSE,Genome-wide genotyping array,Illumina,1,initial,377,East Asian,NA,NA,NA,29109912,2017-11-02,PeerJ,Genome-wide association study of pigmentary traits (skin and iris color) in individuals of East Asian ancestry.,Rawofi L,NA,eye color,http://www.ebi.ac.uk/efo/EFO_0003949
27178264,6e-6,NA,6,-6,FALSE,FALSE,novel,0.075,[0.25-0.54],NA,0.395,unit,decrease,NA,2021-03-17T03:10:32Z,2021-03-17T03:10:32Z,1,rs2278745,C,0.602,FALSE,FALSE,EFO_0003949,GCST005093,Iris color (a* coordinate),377 East Asian ancestry individuals,NA,FALSE,FALSE,520076,at least,TRUE,FALSE,NA,FALSE,FALSE,Genome-wide genotyping array,Illumina,1,initial,377,East Asian,NA,NA,NA,29109912,2017-11-02,PeerJ,Genome-wide association study of pigmentary traits (skin and iris color) in individuals of East Asian ancestry.,Rawofi L,NA,eye color,http://www.ebi.ac.uk/efo/EFO_0003949
27178268,9e-6,NA,9,-6,FALSE,FALSE,novel,0.14,[0.37-0.92],NA,0.643,unit,increase,NA,2021-03-17T03:10:32Z,2021-03-17T03:10:32Z,1,rs145048184,T,0.084,FALSE,FALSE,EFO_0003949,GCST005093,Iris color (a* coordinate),377 East Asian ancestry individuals,NA,FALSE,FALSE,520076,at least,TRUE,FALSE,NA,FALSE,FALSE,Genome-wide genotyping array,Illumina,1,initial,377,East Asian,NA,NA,NA,29109912,2017-11-02,PeerJ,Genome-wide association study of pigmentary traits (skin and iris color) in individuals of East Asian ancestry.,Rawofi L,NA,eye color,http://www.ebi.ac.uk/efo/EFO_0003949
24956272,4e-6,NA,4,-6,FALSE,FALSE,novel,0.0922259,[0.25-0.62],NA,0.435,unit,increase,NA,2021-03-17T13:48:02Z,2021-03-17T13:48:02Z,1,rs55821297,G,0.770687,FALSE,FALSE,EFO_0003949,GCST005093,Iris color (a* coordinate),377 East Asian ancestry individuals,NA,FALSE,FALSE,520076,at least,TRUE,FALSE,NA,FALSE,FALSE,Genome-wide genotyping array,Illumina,1,initial,377,East Asian,NA,NA,NA,29109912,2017-11-02,PeerJ,Genome-wide association study of pigmentary traits (skin and iris color) in individuals of East Asian ancestry.,Rawofi L,NA,eye color,http://www.ebi.ac.uk/efo/EFO_0003949
24956277,2e-6,NA,2,-6,FALSE,FALSE,novel,0.134939,[0.39-0.92],NA,0.652,unit,increase,NA,2021-03-17T13:48:03Z,2021-03-17T13:48:03Z,1,rs72763726,T,0.0899124,FALSE,FALSE,EFO_0003949,GCST005093,Iris color (a* coordinate),377 East Asian ancestry individuals,NA,FALSE,FALSE,520076,at least,TRUE,FALSE,NA,FALSE,FALSE,Genome-wide genotyping array,Illumina,1,initial,377,East Asian,NA,NA,NA,29109912,2017-11-02,PeerJ,Genome-wide association study of pigmentary traits (skin and iris color) in individuals of East Asian ancestry.,Rawofi L,NA,eye color,http://www.ebi.ac.uk/efo/EFO_0003949
24956282,7e-6,NA,7,-6,FALSE,FALSE,novel,0.0752317,[0.2-0.49],NA,0.343,unit,decrease,NA,2021-03-17T13:49:30Z,2021-03-17T13:49:30Z,1,rs330203,G,0.499635,FALSE,FALSE,EFO_0003949,GCST005093,Iris color (a* coordinate),377 East Asian ancestry individuals,NA,FALSE,FALSE,520076,at least,TRUE,FALSE,NA,FALSE,FALSE,Genome-wide genotyping array,Illumina,1,initial,377,East Asian,NA,NA,NA,29109912,2017-11-02,PeerJ,Genome-wide association study of pigmentary traits (skin and iris color) in individuals of East Asian ancestry.,Rawofi L,NA,eye color,http://www.ebi.ac.uk/efo/EFO_0003949
24956288,3e-6,NA,3,-6,FALSE,FALSE,novel,0.0736219,[0.21-0.5],NA,0.352,unit,increase,NA,2021-03-18T18:02:09Z,2021-03-18T18:02:09Z,1,rs9345521,A,0.466593,FALSE,FALSE,EFO_0003949,GCST005093,Iris color (a* coordinate),377 East Asian ancestry individuals,NA,FALSE,FALSE,520076,at least,TRUE,FALSE,NA,FALSE,FALSE,Genome-wide genotyping array,Illumina,1,initial,377,East Asian,NA,NA,NA,29109912,2017-11-02,PeerJ,Genome-wide association study of pigmentary traits (skin and iris color) in individuals of East Asian ancestry.,Rawofi L,NA,eye color,http://www.ebi.ac.uk/efo/EFO_0003949
24956293,4e-6,NA,4,-6,FALSE,FALSE,novel,0.145876,[0.4-0.97],NA,0.686,unit,decrease,NA,2021-03-17T13:48:03Z,2021-03-17T13:48:03Z,1,rs78001527,C,0.0739035,FALSE,FALSE,EFO_0003949,GCST005093,Iris color (a* coordinate),377 East Asian ancestry individuals,NA,FALSE,FALSE,520076,at least,TRUE,FALSE,NA,FALSE,FALSE,Genome-wide genotyping array,Illumina,1,initial,377,East Asian,NA,NA,NA,29109912,2017-11-02,PeerJ,Genome-wide association study of pigmentary traits (skin and iris color) in individuals of East Asian ancestry.,Rawofi L,NA,eye color,http://www.ebi.ac.uk/efo/EFO_0003949
24956298,2e-6,NA,2,-6,FALSE,FALSE,novel,0.138764,[0.39-0.94],NA,0.666,unit,increase,NA,2021-03-17T13:48:06Z,2021-03-17T13:48:06Z,1,rs6977845,A,0.0929826,FALSE,FALSE,EFO_0003949,GCST005093,Iris color (a* coordinate),377 East Asian ancestry individuals,NA,FALSE,FALSE,520076,at least,TRUE,FALSE,NA,FALSE,FALSE,Genome-wide genotyping array,Illumina,1,initial,377,East Asian,NA,NA,NA,29109912,2017-11-02,PeerJ,Genome-wide association study of pigmentary traits (skin and iris color) in individuals of East Asian ancestry.,Rawofi L,NA,eye color,http://www.ebi.ac.uk/efo/EFO_0003949
24956303,9e-11,NA,9,-11,FALSE,FALSE,known,0.0742782,[0.35-0.64],NA,0.497,unit,increase,NA,2021-03-17T13:48:06Z,2021-03-17T13:48:06Z,1,rs76930569,T,0.622807,FALSE,FALSE,EFO_0003949,GCST005093,Iris color (a* coordinate),377 East Asian ancestry individuals,NA,FALSE,FALSE,520076,at least,TRUE,FALSE,NA,FALSE,FALSE,Genome-wide genotyping array,Illumina,1,initial,377,East Asian,NA,NA,NA,29109912,2017-11-02,PeerJ,Genome-wide association study of pigmentary traits (skin and iris color) in individuals of East Asian ancestry.,Rawofi L,NA,eye color,http://www.ebi.ac.uk/efo/EFO_0003949
24956373,4e-7,NA,4,-7,FALSE,FALSE,novel,0.093,[0.3-0.66],NA,0.481,unit,decrease,NA,2021-03-17T10:25:20Z,2021-03-17T10:25:20Z,1,rs72776813,A,0.210892,FALSE,FALSE,EFO_0003949,GCST005095,Iris heterochromicity,377 East Asian ancestry individuals,NA,FALSE,FALSE,520076,at least,TRUE,FALSE,NA,FALSE,FALSE,Genome-wide genotyping array,Illumina,1,initial,377,East Asian,NA,NA,NA,29109912,2017-11-02,PeerJ,Genome-wide association study of pigmentary traits (skin and iris color) in individuals of East Asian ancestry.,Rawofi L,NA,eye color,http://www.ebi.ac.uk/efo/EFO_0003949
24956378,8e-6,NA,8,-6,FALSE,FALSE,novel,0.075,[0.19-0.49],NA,0.339,unit,decrease,NA,2021-03-17T10:25:21Z,2021-03-17T10:25:21Z,1,rs243946,T,0.480921,FALSE,FALSE,EFO_0003949,GCST005095,Iris heterochromicity,377 East Asian ancestry individuals,NA,FALSE,FALSE,520076,at least,TRUE,FALSE,NA,FALSE,FALSE,Genome-wide genotyping array,Illumina,1,initial,377,East Asian,NA,NA,NA,29109912,2017-11-02,PeerJ,Genome-wide association study of pigmentary traits (skin and iris color) in individuals of East Asian ancestry.,Rawofi L,NA,eye color,http://www.ebi.ac.uk/efo/EFO_0003949
24956383,7e-6,NA,7,-6,FALSE,FALSE,novel,0.079,[0.2-0.51],NA,0.359,unit,decrease,NA,2021-03-17T10:25:23Z,2021-03-17T10:25:23Z,1,rs16904127,A,0.469006,FALSE,FALSE,EFO_0003949,GCST005095,Iris heterochromicity,377 East Asian ancestry individuals,NA,FALSE,FALSE,520076,at least,TRUE,FALSE,NA,FALSE,FALSE,Genome-wide genotyping array,Illumina,1,initial,377,East Asian,NA,NA,NA,29109912,2017-11-02,PeerJ,Genome-wide association study of pigmentary traits (skin and iris color) in individuals of East Asian ancestry.,Rawofi L,NA,eye color,http://www.ebi.ac.uk/efo/EFO_0003949
24956388,3e-6,NA,3,-6,FALSE,FALSE,novel,0.075,[0.21-0.5],NA,0.356,unit,decrease,NA,2021-03-17T10:25:23Z,2021-03-17T10:25:23Z,1,rs7914735,T,0.536842,FALSE,FALSE,EFO_0003949,GCST005095,Iris heterochromicity,377 East Asian ancestry individuals,NA,FALSE,FALSE,520076,at least,TRUE,FALSE,NA,FALSE,FALSE,Genome-wide genotyping array,Illumina,1,initial,377,East Asian,NA,NA,NA,29109912,2017-11-02,PeerJ,Genome-wide association study of pigmentary traits (skin and iris color) in individuals of East Asian ancestry.,Rawofi L,NA,eye color,http://www.ebi.ac.uk/efo/EFO_0003949
24956393,6e-6,NA,6,-6,FALSE,FALSE,novel,0.081,[0.22-0.53],NA,0.374,unit,decrease,NA,2021-03-23T14:46:56Z,2021-03-23T14:46:56Z,1,chr14:106875131,G,0.521711,FALSE,FALSE,EFO_0003949,GCST005095,Iris heterochromicity,377 East Asian ancestry individuals,NA,FALSE,FALSE,520076,at least,TRUE,FALSE,NA,FALSE,FALSE,Genome-wide genotyping array,Illumina,1,initial,377,East Asian,NA,NA,NA,29109912,2017-11-02,PeerJ,Genome-wide association study of pigmentary traits (skin and iris color) in individuals of East Asian ancestry.,Rawofi L,NA,eye color,http://www.ebi.ac.uk/efo/EFO_0003949
24956399,3e-6,NA,3,-6,FALSE,FALSE,novel,0.074,[0.2-0.49],NA,0.348,unit,increase,NA,2021-03-17T10:25:25Z,2021-03-17T10:25:25Z,1,rs11667379,C,0.411039,FALSE,FALSE,EFO_0003949,GCST005095,Iris heterochromicity,377 East Asian ancestry individuals,NA,FALSE,FALSE,520076,at least,TRUE,FALSE,NA,FALSE,FALSE,Genome-wide genotyping array,Illumina,1,initial,377,East Asian,NA,NA,NA,29109912,2017-11-02,PeerJ,Genome-wide association study of pigmentary traits (skin and iris color) in individuals of East Asian ancestry.,Rawofi L,NA,eye color,http://www.ebi.ac.uk/efo/EFO_0003949
24956149,8e-6,NA,8,-6,FALSE,FALSE,novel,0.0799691,[0.21-0.52],NA,0.361866,unit,increase,NA,2021-03-17T10:25:00Z,2021-03-17T10:25:00Z,1,rs6664080,C,0.29693,FALSE,FALSE,EFO_0003949,GCST005094,Iris color (L* coordinate),377 East Asian ancestry individuals,NA,FALSE,FALSE,520076,at least,TRUE,FALSE,NA,FALSE,FALSE,Genome-wide genotyping array,Illumina,1,initial,377,East Asian,NA,NA,NA,29109912,2017-11-02,PeerJ,Genome-wide association study of pigmentary traits (skin and iris color) in individuals of East Asian ancestry.,Rawofi L,NA,eye color,http://www.ebi.ac.uk/efo/EFO_0003949
24956155,7e-6,NA,7,-6,FALSE,FALSE,novel,0.148242,[0.39-0.97],NA,0.676012,unit,decrease,NA,2021-03-17T10:25:01Z,2021-03-17T10:25:01Z,1,rs4425211,G,0.0715643,FALSE,FALSE,EFO_0003949,GCST005094,Iris color (L* coordinate),377 East Asian ancestry individuals,NA,FALSE,FALSE,520076,at least,TRUE,FALSE,NA,FALSE,FALSE,Genome-wide genotyping array,Illumina,1,initial,377,East Asian,NA,NA,NA,29109912,2017-11-02,PeerJ,Genome-wide association study of pigmentary traits (skin and iris color) in individuals of East Asian ancestry.,Rawofi L,NA,eye color,http://www.ebi.ac.uk/efo/EFO_0003949
24956160,7e-6,NA,7,-6,FALSE,FALSE,novel,0.0727304,[0.19-0.47],NA,0.332256,unit,decrease,NA,2021-03-17T10:25:02Z,2021-03-17T10:25:02Z,1,rs12501370,C,0.555848,FALSE,FALSE,EFO_0003949,GCST005094,Iris color (L* coordinate),377 East Asian ancestry individuals,NA,FALSE,FALSE,520076,at least,TRUE,FALSE,NA,FALSE,FALSE,Genome-wide genotyping array,Illumina,1,initial,377,East Asian,NA,NA,NA,29109912,2017-11-02,PeerJ,Genome-wide association study of pigmentary traits (skin and iris color) in individuals of East Asian ancestry.,Rawofi L,NA,eye color,http://www.ebi.ac.uk/efo/EFO_0003949
24956165,2e-6,NA,2,-6,FALSE,FALSE,novel,0.103871,[0.3-0.71],NA,0.501949,unit,decrease,NA,2021-03-17T10:25:03Z,2021-03-17T10:25:03Z,1,rs2658084,T,0.835307,FALSE,FALSE,EFO_0003949,GCST005094,Iris color (L* coordinate),377 East Asian ancestry individuals,NA,FALSE,FALSE,520076,at least,TRUE,FALSE,NA,FALSE,FALSE,Genome-wide genotyping array,Illumina,1,initial,377,East Asian,NA,NA,NA,29109912,2017-11-02,PeerJ,Genome-wide association study of pigmentary traits (skin and iris color) in individuals of East Asian ancestry.,Rawofi L,NA,eye color,http://www.ebi.ac.uk/efo/EFO_0003949
24956171,2e-6,NA,2,-6,FALSE,FALSE,novel,0.0866079,[0.25-0.59],NA,0.418911,unit,increase,NA,2021-03-17T10:25:03Z,2021-03-17T10:25:03Z,1,rs113633047,T,0.281652,FALSE,FALSE,EFO_0003949,GCST005094,Iris color (L* coordinate),377 East Asian ancestry individuals,NA,FALSE,FALSE,520076,at least,TRUE,FALSE,NA,FALSE,FALSE,Genome-wide genotyping array,Illumina,1,initial,377,East Asian,NA,NA,NA,29109912,2017-11-02,PeerJ,Genome-wide association study of pigmentary traits (skin and iris color) in individuals of East Asian ancestry.,Rawofi L,NA,eye color,http://www.ebi.ac.uk/efo/EFO_0003949
24956176,4e-6,NA,4,-6,FALSE,FALSE,novel,0.0873549,[0.24-0.58],NA,0.407769,unit,decrease,NA,2021-03-17T10:25:04Z,2021-03-17T10:25:04Z,1,rs6924266,T,0.232895,FALSE,FALSE,EFO_0003949,GCST005094,Iris color (L* coordinate),377 East Asian ancestry individuals,NA,FALSE,FALSE,520076,at least,TRUE,FALSE,NA,FALSE,FALSE,Genome-wide genotyping array,Illumina,1,initial,377,East Asian,NA,NA,NA,29109912,2017-11-02,PeerJ,Genome-wide association study of pigmentary traits (skin and iris color) in individuals of East Asian ancestry.,Rawofi L,NA,eye color,http://www.ebi.ac.uk/efo/EFO_0003949
24956182,4.9999999999999996e-6,NA,5,-6,FALSE,FALSE,novel,0.137693,[0.37-0.91],NA,0.639914,unit,decrease,NA,2021-03-23T14:46:56Z,2021-03-23T14:46:56Z,1,chr6:32626040,T,0.0748538,FALSE,FALSE,EFO_0003949,GCST005094,Iris color (L* coordinate),377 East Asian ancestry individuals,NA,FALSE,FALSE,520076,at least,TRUE,FALSE,NA,FALSE,FALSE,Genome-wide genotyping array,Illumina,1,initial,377,East Asian,NA,NA,NA,29109912,2017-11-02,PeerJ,Genome-wide association study of pigmentary traits (skin and iris color) in individuals of East Asian ancestry.,Rawofi L,NA,eye color,http://www.ebi.ac.uk/efo/EFO_0003949
24956188,7e-6,NA,7,-6,FALSE,FALSE,novel,0.0993923,[0.26-0.65],NA,0.453617,unit,decrease,NA,2021-03-17T10:25:07Z,2021-03-17T10:25:07Z,1,rs9373973,A,0.184795,FALSE,FALSE,EFO_0003949,GCST005094,Iris color (L* coordinate),377 East Asian ancestry individuals,NA,FALSE,FALSE,520076,at least,TRUE,FALSE,NA,FALSE,FALSE,Genome-wide genotyping array,Illumina,1,initial,377,East Asian,NA,NA,NA,29109912,2017-11-02,PeerJ,Genome-wide association study of pigmentary traits (skin and iris color) in individuals of East Asian ancestry.,Rawofi L,NA,eye color,http://www.ebi.ac.uk/efo/EFO_0003949
24956193,6e-6,NA,6,-6,FALSE,FALSE,novel,0.140069,[0.37-0.92],NA,0.643007,unit,increase,NA,2021-03-17T10:25:07Z,2021-03-17T10:25:07Z,1,rs145048184,T,0.0836988,FALSE,FALSE,EFO_0003949,GCST005094,Iris color (L* coordinate),377 East Asian ancestry individuals,NA,FALSE,FALSE,520076,at least,TRUE,FALSE,NA,FALSE,FALSE,Genome-wide genotyping array,Illumina,1,initial,377,East Asian,NA,NA,NA,29109912,2017-11-02,PeerJ,Genome-wide association study of pigmentary traits (skin and iris color) in individuals of East Asian ancestry.,Rawofi L,NA,eye color,http://www.ebi.ac.uk/efo/EFO_0003949
24956198,7e-6,NA,7,-6,FALSE,FALSE,novel,0.0961518,[0.25-0.63],NA,0.439559,unit,increase,NA,2021-03-17T10:25:08Z,2021-03-17T10:25:08Z,1,rs610106,C,0.814401,FALSE,FALSE,EFO_0003949,GCST005094,Iris color (L* coordinate),377 East Asian ancestry individuals,NA,FALSE,FALSE,520076,at least,TRUE,FALSE,NA,FALSE,FALSE,Genome-wide genotyping array,Illumina,1,initial,377,East Asian,NA,NA,NA,29109912,2017-11-02,PeerJ,Genome-wide association study of pigmentary traits (skin and iris color) in individuals of East Asian ancestry.,Rawofi L,NA,eye color,http://www.ebi.ac.uk/efo/EFO_0003949
24956203,3e-6,NA,3,-6,FALSE,FALSE,novel,0.0768703,[0.21-0.51],NA,0.36429,unit,decrease,NA,2021-03-17T10:25:09Z,2021-03-17T10:25:09Z,1,rs249625,G,0.583626,FALSE,FALSE,EFO_0003949,GCST005094,Iris color (L* coordinate),377 East Asian ancestry individuals,NA,FALSE,FALSE,520076,at least,TRUE,FALSE,NA,FALSE,FALSE,Genome-wide genotyping array,Illumina,1,initial,377,East Asian,NA,NA,NA,29109912,2017-11-02,PeerJ,Genome-wide association study of pigmentary traits (skin and iris color) in individuals of East Asian ancestry.,Rawofi L,NA,eye color,http://www.ebi.ac.uk/efo/EFO_0003949
24956208,2e-6,NA,2,-6,FALSE,FALSE,novel,0.0769632,[0.22-0.53],NA,0.375176,unit,increase,NA,2021-03-17T10:25:10Z,2021-03-17T10:25:10Z,1,rs1800414,C,0.618641,FALSE,FALSE,EFO_0003949,GCST005094,Iris color (L* coordinate),377 East Asian ancestry individuals,NA,FALSE,FALSE,520076,at least,TRUE,FALSE,NA,FALSE,FALSE,Genome-wide genotyping array,Illumina,1,initial,377,East Asian,NA,NA,NA,29109912,2017-11-02,PeerJ,Genome-wide association study of pigmentary traits (skin and iris color) in individuals of East Asian ancestry.,Rawofi L,NA,eye color,http://www.ebi.ac.uk/efo/EFO_0003949
24956213,8e-6,NA,8,-6,FALSE,FALSE,novel,0.161159,[0.42-1.05],NA,0.731556,unit,decrease,NA,2021-03-17T10:25:11Z,2021-03-17T10:25:11Z,1,rs75161997,T,0.0600146,FALSE,FALSE,EFO_0003949,GCST005094,Iris color (L* coordinate),377 East Asian ancestry individuals,NA,FALSE,FALSE,520076,at least,TRUE,FALSE,NA,FALSE,FALSE,Genome-wide genotyping array,Illumina,1,initial,377,East Asian,NA,NA,NA,29109912,2017-11-02,PeerJ,Genome-wide association study of pigmentary traits (skin and iris color) in individuals of East Asian ancestry.,Rawofi L,NA,eye color,http://www.ebi.ac.uk/efo/EFO_0003949
24956218,4.9999999999999996e-6,NA,5,-6,FALSE,FALSE,novel,0.0899951,[0.24-0.59],NA,0.418525,unit,decrease,NA,2021-03-17T10:25:13Z,2021-03-17T10:25:13Z,1,rs8131065,T,0.21462,FALSE,FALSE,EFO_0003949,GCST005094,Iris color (L* coordinate),377 East Asian ancestry individuals,NA,FALSE,FALSE,520076,at least,TRUE,FALSE,NA,FALSE,FALSE,Genome-wide genotyping array,Illumina,1,initial,377,East Asian,NA,NA,NA,29109912,2017-11-02,PeerJ,Genome-wide association study of pigmentary traits (skin and iris color) in individuals of East Asian ancestry.,Rawofi L,NA,eye color,http://www.ebi.ac.uk/efo/EFO_0003949
